Filter	Leader	Group	Team	A_Lid	A_Max	A_Med	S_Lid	S_Max	S_Med	P_Lid	P_Max	P_Med	D_Lid	D_Max	D_Med	I_Lid	I_Max	I_Med	C	Size	Year	Grade	EC	SIIE21	Post L	PSEUDOA	PRE	PRE-Force	EVO	DGrades	nYear	eqRadius
Y	D	G1	DBA1819 P3 GL	0.90323	0.90323	0.90323	0.00034	0.00051	0.00034	0.94737	1.00000	0.94737	0.00000	0.05263	0.00000	0.00000	0.05263	0.00000	0.96053	4	DBA1819	10.00	5.056	D	2	D	D		DDDDDDDDDDDDDDDDDDDDDDDDDDDDDDD	10	5	1
Y	D	G2	DBA1920 P3 GJ	1.00000	1.00000	0.35000	0.04410	0.04410	0.00583	0.75000	0.75000	0.58333	0.33333	0.33333	0.20833	0.08333	0.16667	0.04167	0.52083	4	DBA1920	4.01	4.648	D	2	D	D		DDDDDDDDDDDDDDDDDDDDDDDDDDDDDD	4	6	1
Y	D	G3	DBA1819 P2 GH	0.66667	0.66667	0.23333	0.01014	0.01014	0.00524	0.63158	0.73684	0.68421	0.15789	0.15789	0.13158	0.10526	0.10526	0.05263	0.68421	4	DBA1819	7.96	0.205	D	2	D	D		DDDDDDDDDDDDDDDDDDDDDDDDDDDDDD	7	5	1
Y	D	G4	DBA1920 P2 GE	0.63636	0.63636	0.36364	0.00500	0.00951	0.00503	0.50000	0.75000	0.50000	0.33333	0.41667	0.25000	0.08333	0.33333	0.04167	0.56250	4	DBA1920	8.95	0.384	D	2	D	D		DDDDDAAAADDDDDDDDAAAAAAAAAAAAAAA	8	6	1
Y	D	G5	DBA1920 P3 GK	0.53333	0.66667	0.36667	0.02265	0.02265	0.00497	0.60000	0.60000	0.50000	0.33333	0.33333	0.23333	0.00000	0.13333	0.10000	0.46667	4	DBA1920	4.51	6.114	D	2	D	D		DDDDDDDDDDDDDDLLLLLLLALAADDDDD	4	6	1
Y	A	G6	DBA1415 P3 G6	0.73585	0.73585	0.01887	0.02605	0.02605	0.00005	0.45000	0.45000	0.37500	0.15000	0.20000	0.15000	0.15000	0.15000	0.05000	0.34167	6	DBA1415	7.20	1.588	A	1	A	L		LLLAAAAAAAAAAAAAAAAAAAAAAAAAAAAAAAAAAAAAAAAAAAAAAAAAAA	7	1	1
Y	D	G7	DBA1819 P2 GB	0.63636	0.63636	0.40909	0.04536	0.04536	0.01001	0.81250	0.81250	0.43750	0.25000	0.31250	0.21875	0.18750	0.18750	0.06250	0.51563	4	DBA1819	8.23	1.613	D	2	D	D		DDDDDDDDDDDDDDDDDLLLDDDDDDDDDDDDD	8	5	1
Y	L	G8	DBA1920 P3 GB	0.25000	0.84375	0.21875	0.00173	0.02381	0.00134	0.83333	0.83333	0.70833	0.25000	0.33333	0.20833	0.00000	0.08333	0.00000	0.70833	4	DBA1920	5.45	1.947	L	3	D	D		DDDDDDDDDDDDLLLLLLLLLLLLLLLLLLLL	5	6	1
Y	L	G9	DBA1617 P2 G6	0.25000	0.85714	0.25000	0.00051	0.01372	0.00051	0.50000	0.50000	0.50000	0.13636	0.13636	0.04545	0.09091	0.09091	0.04545	0.48182	5	DBA1617	8.86	0.447	L	3	A	D		DDDDDDDDDDDDDDAAALLLLLLLLLLL	8	3	1
Y	L	G10	DBA1718 P2 GH	0.00000	0.85714	0.00000	0.00000	0.03673	0.00000	0.32000	0.64000	0.48000	0.08000	0.20000	0.08000	0.04000	0.20000	0.08000	0.48000	5	DBA1718	6.46	1.577	L	3	A	L		LLLLLLLLLLLLLLLLLLLLLLLLLLLL	6	4	1
Y	L	G11	DBA1617 P2 G2	0.21212	0.69697	0.15152	0.00621	0.01212	0.00318	0.73684	0.73684	0.63158	0.21053	0.21053	0.10526	0.10526	0.10526	0.00000	0.64211	5	DBA1617	9.44	0.614	L	3	A	D		DDLLLLLLLLLLLLLLLLLLLLLLLLLLLLLLL	9	3	1
Y	A	G12	DBA1819 P2 GK	0.84615	0.84615	0.15385	0.04066	0.04066	0.00188	0.93750	0.93750	0.65625	0.25000	0.25000	0.06250	0.12500	0.12500	0.00000	0.68750	4	DBA1819	9.64	0.415	A	1	A	D		DDDDDDDDDDDDDDDDDDDDDDDDAA	9	5	1
Y	D	G13	DBA1617 P3 G9	0.78846	0.78846	0.22115	0.04294	0.04294	0.00476	0.97222	0.97222	0.83333	0.27778	0.27778	0.16667	0.05556	0.05556	0.01389	0.75000	4	DBA1617	10.00	0.488	D	2	D	D		DDDDDDDDDDDDDDDDDDDDDDDDDDDDDDDDDDDDDDDDDDDDDDDDDDDDD	10	3	1
Y	L	G14	DBA1516 P3 G3	0.27273	0.93182	0.23864	0.00165	0.01113	0.00045	0.54167	0.79167	0.58333	0.08333	0.20833	0.04167	0.00000	0.12500	0.00000	0.62500	6	DBA1516	9.60	0.497	L	3	D	D		DDDDDDDDDDDDDDDDDDDDDDLLLLLLLLLLLLLLLLLLLLLL	9	2	1
Y	L	G15	DBA1415 P3 G3	0.17500	0.70000	0.10000	0.00485	0.01383	0.00309	0.25000	0.43750	0.31250	0.18750	0.25000	0.18750	0.18750	0.25000	0.12500	0.32500	5	DBA1415	8.10	8.498	L	3	A	A		AALLLLLLLLLLLLLLLLLLLLLLLLLLLLLLLLLLLLLL	8	1	1
Y	D	G16	DBA1819 P2 GJ	1.00000	1.00000	0.16667	0.03169	0.03169	0.00037	0.83333	0.83333	0.77778	0.16667	0.16667	0.11111	0.05556	0.05556	0.00000	0.73611	4	DBA1819	8.14	1.569	D	2	D	D		DDDDDDDDDDDDDDDDDDDDDDDD	8	5	1
Y	A	G17	DBA1617 P2 G9	0.82759	0.82759	0.06897	0.04233	0.04233	0.00008	0.89655	0.89655	0.72414	0.27586	0.27586	0.10345	0.10345	0.10345	0.03448	0.60690	5	DBA1617	10.00	0.700	A	1	A	D		DDDDDDDDDDDDAAAAAAAAAAAAAAAAA	10	3	1
Y	D	G18	DBA1920 P2 GB	0.60000	0.60000	0.37143	0.00608	0.04031	0.00314	0.69231	0.69231	0.61538	0.23077	0.23077	0.19231	0.07692	0.07692	0.07692	0.61538	4	DBA1920	8.22	0.813	D	2	D	D		DDDDDDDDDDDDDDDDDDDDDDDDDDDDDDDDDDD	8	6	1
Y	A	G19	DBA1415 P2 G4	0.66667	0.66667	0.28571	0.01607	0.01991	0.00959	0.35714	0.35714	0.28571	0.14286	0.35714	0.14286	0.07143	0.35714	0.07143	0.30000	5	DBA1415	8.10	1.186	A	1	A	L		LLLAAAADAAAAAAAAAAAAAAAAAAAAAAAAAAAAAAAAAA	8	1	1
Y	A	G20	DBA1415 P3 G9	0.71739	0.71739	0.00000	0.02893	0.05155	0.00000	0.43750	0.50000	0.31250	0.18750	0.25000	0.06250	0.18750	0.25000	0.00000	0.33333	6	DBA1415	6.60	1.400	A	1	A	A		AAAAAAAAAAAAAAAAAAAAAAAAAAAAAAAAAAAAAAAAAAAAAA	6	1	1
Y	L	G21	DBA1516 P3 G4	0.08000	0.66000	0.13000	0.00000	0.00994	0.00122	0.71429	0.71429	0.64286	0.21429	0.21429	0.07143	0.07143	0.07143	0.00000	0.64286	6	DBA1516	4.40	7.183	L	3	A	D		DDDDDDDDDLLLLLLLLLLLLLLLLLLLLLLLLLLLLLLLLLLLLLLLLLL	4	2	1
Y	A	G22	DBA1415 P2 G3	0.57500	0.57500	0.15000	0.03936	0.03936	0.00203	0.21739	0.30435	0.26087	0.08696	0.21739	0.17391	0.08696	0.21739	0.17391	0.26087	5	DBA1415	10.00	0.339	A	1	A	L		LLLLLLLLLLLLLLLLLLLLLLLLLLLLAAAAAAAAAAAA	10	1	1
Y	D	G23	DBA1516 P3 G1	0.57143	0.77551	0.57143	0.00503	0.00940	0.00503	0.65217	0.65217	0.65217	0.00000	0.08696	0.00000	0.00000	0.00000	0.00000	0.62609	5	DBA1516	8.60	3.300	D	2	D	D		DDDDDDDDDDDDDDDDDDDDDDDDLLLLLLLLLLLDDDDDDDDDDDDDD	8	2	1
Y	A	G24	DBA1314 P3 G1	0.77778	0.77778	0.15741	0.02032	0.02032	0.00019	0.28889	0.31111	0.28889	0.13333	0.20000	0.14444	0.13333	0.20000	0.12222	0.27037	6	DBA1314	10.00	1.036	A	1	A	D		DDDDDDDDDDDDDDDDDDDDDDDDAAAAAAAAAAAAAAAAAAAAAAAAAAAAAAA	10	0	1
Y	L	G25	DBA1819 P2 GI	0.29167	1.00000	0.33333	0.00000	0.10395	0.00009	0.66667	0.66667	0.44444	0.44444	0.44444	0.16667	0.33333	0.33333	0.16667	0.47222	4	DBA1819	7.40	0.720	L	3	A	D		DDDDDDDDDDDDDDDDDLLLLLLL	7	5	1
Y	A	G26	DBA1415 P2 G1	0.64516	0.64516	0.00000	0.03348	0.03348	0.00000	0.40000	0.66667	0.46667	0.13333	0.26667	0.13333	0.06667	0.20000	0.06667	0.49333	5	DBA1415	9.00	1.442	A	1	A	L		LAAAAAAAAAAAAAAAAAAAAAAAAAAAAAA	9	1	1
Y	L	G27	DBA1920 P2 GF	0.25000	1.00000	0.25000	0.00000	0.04200	0.00000	0.84615	1.00000	0.73077	0.07692	0.30769	0.07692	0.00000	0.07692	0.00000	0.75000	4	DBA1920	8.94	4.900	L	3	D	D		DDDDDDDDDDDDDDDDDLLLLLLLLLLL	8	6	1
Y	A	G28	DBA1617 P2 G8	0.48276	0.48276	0.08621	0.03228	0.03228	0.00157	0.76190	0.76190	0.50000	0.38095	0.38095	0.09524	0.19048	0.19048	0.02381	0.50794	6	DBA1617	9.75	1.073	A	1	A	A		AAAAAAAAAAAAAAAAAAALLLLLLAAAA	9	3	1
Y	D	G29	DBA1516 P3 G9	0.81818	0.90909	0.81818	0.04397	0.04397	0.04199	0.52632	0.52632	0.36842	0.42105	0.42105	0.31579	0.42105	0.42105	0.26316	0.38596	3	DBA1516	10.00	3.104	D	2	D	L		LLLLLLLLLLDDDDDDDDDDDDDDDDDDDDDDD	10	2	1
Y	L	G30	DBA1415 P2 G6	0.26667	0.73333	0.21667	0.00166	0.02425	0.00120	0.41176	0.41176	0.32353	0.05882	0.17647	0.08824	0.05882	0.17647	0.05882	0.32353	6	DBA1415	9.00	1.755	L	3	A	D		DDDDDDDDDDDDDDDDDLLLLLLLLLLLLL	9	1	1
Y	L	G31	DBA1718 P3 GH	0.22222	0.66667	0.33333	0.01138	0.01216	0.00380	0.50000	0.77273	0.50000	0.22727	0.22727	0.09091	0.09091	0.09091	0.09091	0.50000	5	DBA1718	4.22	2.902	L	3	A	L		LLLLLLLLLLLLLLLLLLLLLLLLLLLLLLLLLLLLLLLLLLLLLLLLLLLLLLL	4	4	1
Y	A	G32	DBA1516 P2 G3	0.83784	0.83784	0.00000	0.01574	0.01574	0.00000	0.50000	0.58333	0.50000	0.16667	0.16667	0.06250	0.08333	0.08333	0.04167	0.49306	6	DBA1516	10.00	1.013	A	1	A	A		AAAAAAAAAAAAAAAAAAAAAAAAAAAAAAAAAAAAA	10	2	1
Y	D	G33	DBA1617 P2 G4	0.74194	0.74194	0.54839	0.00426	0.00426	0.00140	0.74074	0.74074	0.62963	0.11111	0.11111	0.03704	0.03704	0.03704	0.00000	0.61111	6	DBA1617	8.79	1.289	D	2	D	D		DDDDDDDDDDDDDDDDDDDDDDDDDDDDDDD	8	3	1
Y	A	G34	DBA1617 P3 G2	0.66038	0.66038	0.03774	0.01041	0.01041	0.00000	0.72000	0.72000	0.52000	0.08000	0.16000	0.12000	0.00000	0.08000	0.04000	0.54400	5	DBA1617	10.00	2.031	A	1	A	D		DDDDDAAAAAAAAAAAAAAAAAAAAAAAAAAAAAAAAAAAAAAAAAAAAAAAAA	10	3	1
Y	D	G35	DBA1617 P3 G1	0.68000	0.68000	0.41000	0.00913	0.00913	0.00295	0.50000	0.50000	0.47368	0.21053	0.21053	0.18421	0.21053	0.21053	0.15789	0.47368	4	DBA1617	10.00	1.067	D	2	D	D		DDDDDDDDDDDDDDDDDDDDDDDDDDDDDDDDDDDDDDDDDDDDDDDDDDD	10	3	1
Y	A	G36	DBA1819 P2 GD	1.00000	1.00000	0.00000	0.08299	0.08299	0.00000	0.52941	0.52941	0.41176	0.35294	0.35294	0.23529	0.23529	0.23529	0.17647	0.41176	4	DBA1819	9.73	0.382	A	1	A	A		AAAAAAAAAAAAAAAAAAAAAAAAAA	9	5	1
Y	L	G37	DBA1718 P2 GA	0.21875	0.96875	0.21875	0.00000	0.05008	0.00000	0.65000	0.75000	0.65000	0.10000	0.20000	0.10000	0.05000	0.20000	0.00000	0.61000	5	DBA1718	7.40	0.343	L	3	D	D		DDDDDDDDDDDDDDDDDLLLLLLLLLLLLLLL	7	4	1
Y	A	G38	DBA1920 P2 GD	0.77778	0.77778	0.11111	0.06740	0.06740	0.00263	0.68421	0.68421	0.47368	0.36842	0.36842	0.13158	0.31579	0.31579	0.05263	0.51316	4	DBA1920	9.32	0.586	A	1	A	A		AAAALLLLLLAAAAAAAAAAAAAAAAA	9	6	1
Y	D	G39	DBA1920 P3 GM	0.55172	0.68966	0.56897	0.00572	0.00572	0.00380	0.53846	0.53846	0.48077	0.19231	0.19231	0.17308	0.15385	0.15385	0.15385	0.49038	4	DBA1920	9.44	0.680	D	2	D	D		DDDDDDDDDDDDDDDDDDDDDDDDDDDDD	9	6	1
Y	D	G40	DBA1819 P2 GE	0.46875	0.46875	0.28125	0.01405	0.01405	0.00652	0.72222	0.72222	0.66667	0.27778	0.27778	0.13889	0.16667	0.16667	0.05556	0.62500	4	DBA1819	8.46	1.332	D	2	D	A		AAAAAAAAADDDDDDDDDDDDDDDDDDDDDDD	8	5	1
Y	L	G41	DBA1314 P3 G4	0.31034	0.41379	0.20690	0.00291	0.01434	0.00266	0.26087	0.39130	0.30435	0.17391	0.17391	0.10870	0.17391	0.17391	0.04348	0.31159	6	DBA1314	7.40	5.086	L	3	A	A		AAAAAAAAAAAAAAAAAAAAAAAAAAAAAAAAAAAAAAAAAAAALLLLLLLLLLLLLLL	7	0	1
Y	L	G42	DBA1516 P2 G1	0.36364	0.63636	0.36364	0.00409	0.01401	0.00409	0.36842	0.73684	0.42105	0.00000	0.05263	0.00000	0.00000	0.00000	0.00000	0.51579	5	DBA1516	7.80	0.215	L	3	D	L		LDAAAAAAADDDDDLLLLLLLLLLLLLLLLLLL	7	2	1
Y	L	G43	DBA1718 P3 GE	0.31373	1.00000	0.31373	0.00142	0.01128	0.00142	0.90000	0.90000	0.87500	0.00000	0.20000	0.05000	0.00000	0.00000	0.00000	0.82500	4	DBA1718	9.65	1.955	L	3	D	D		DDDDDDDDDDDDDDDDDDDDDDDDDDDDDDDDDDDDDDDLLLLLLLLLLLLL	9	4	1
Y	L	G44	DBA1314 P2 G5	0.09091	0.63636	0.04545	0.00165	0.00855	0.00083	0.53846	0.53846	0.42308	0.07692	0.15385	0.07692	0.00000	0.00000	0.00000	0.42308	6	DBA1314	8.80	1.365	L	3	A	L		LLLLLLLLLLLLLLLLLLLLLL	8	0	1
Y	D	G45	DBA1314 P3 G7	0.68627	0.68627	0.54902	0.00215	0.01423	0.00050	0.45455	0.45455	0.40909	0.27273	0.27273	0.13636	0.18182	0.18182	0.04545	0.40909	6	DBA1314	9.40	2.069	D	2	D	D		DDDDDDDDDDDDDDDDDDDDDDDDDDDDDDDDDDDDDDDDDDDDDDDDDDDD	9	0	1
Y	A	G46	DBA1920 P3 GE	1.00000	1.00000	0.16129	0.06207	0.06207	0.00072	0.70833	0.70833	0.47917	0.37500	0.37500	0.20833	0.25000	0.25000	0.08333	0.51042	4	DBA1920	9.04	3.027	A	1	A	D		DDDDDDDDDDDDDDAAAAAAAAAAAAAAAAA	9	6	1
Y	L	G47	DBA1314 P3 G6	0.22642	0.52830	0.34906	0.00091	0.00869	0.00391	0.71429	0.71429	0.50000	0.00000	0.28571	0.10714	0.00000	0.07143	0.00000	0.47619	6	DBA1314	7.60	2.790	L	3	D	D		DDDDDDDDDDDDDDDDDDDDDDDDDDDDDLLLLLLLLLLLLLLLLLLLLLLLLL	7	0	1
Y	L	G48	DBA1718 P3 GD	0.30000	1.00000	0.30000	0.00000	0.01921	0.00000	0.72222	0.72222	0.61111	0.11111	0.22222	0.11111	0.00000	0.05556	0.00000	0.62222	5	DBA1718	7.88	3.972	L	3	D	D		DDDDDDDDDDDDDDDDDDDDDDDDDDDDDDDDDDDDLLLLLLLLLLLLLLL	7	4	1
Y	L	G49	DBA1314 P3 G8	0.24000	0.98000	0.08000	0.00425	0.03060	0.00000	0.33333	0.58333	0.50000	0.16667	0.33333	0.16667	0.08333	0.16667	0.00000	0.43056	6	DBA1314	7.48	6.919	L	3	A	D		DDDDDDDDDLLLLLLLLLLLLLLLLLLLLLLLLLLLLLLLLLLLLLLLLLL	7	0	1
Y	A	G50	DBA1920 P3 GC	0.48387	0.70968	0.25806	0.02518	0.03934	0.01308	0.39130	0.39130	0.34783	0.21739	0.30435	0.23913	0.17391	0.26087	0.19565	0.33696	4	DBA1920	7.50	1.310	A	1	A	A		AAAALLLLLLLLLLLLLLLLLAAAAAAAAAA	7	6	1
Y	L	G51	DBA1516 P3 G2	0.12245	0.48980	0.18367	0.00106	0.01042	0.00138	0.62500	0.68750	0.62500	0.25000	0.31250	0.18750	0.06250	0.06250	0.00000	0.60000	5	DBA1516	7.60	2.608	L	3	D	D		DDDDDDDDDDDDLLLLLLLLLLLLLLLLLLLLLLLLLLLLLLLLLLLLL	7	2	1
Y	L	G52	DBA1617 P2 G1	0.06452	0.74194	0.12903	0.00026	0.03605	0.00208	0.62500	0.66667	0.56250	0.16667	0.16667	0.08333	0.12500	0.12500	0.04167	0.45833	6	DBA1617	10.00	0.247	L	3	A	D		DDDDLLLLLLLLLLLLLLLLLLLLLLLLLLL	10	3	1
Y	L	G53	DBA1516 P3 G8	0.22500	0.72500	0.22500	0.00338	0.04789	0.00084	0.68421	0.73684	0.63158	0.10526	0.26316	0.10526	0.10526	0.10526	0.00000	0.65263	5	DBA1516	9.70	0.392	L	3	D	L		LLLLLLLLLLLLLLLDDDDDDDLLLLLLLLLLLLLLLLLL	9	2	1
Y	L	G54	DBA1314 P3 G3	0.04255	0.95745	0.04255	0.00011	0.00486	0.00052	0.37500	0.50000	0.50000	0.20833	0.20833	0.12500	0.08333	0.08333	0.08333	0.45833	5	DBA1314	9.13	5.631	L	3	A	L		LLLLLLLLLLLLLLLLLLLLLLLLLLLLLLLLLLLLLLLLLLLLLLL	9	0	1
Y	D	G55	DBA1819 P3 GF	0.63636	0.90909	0.59091	0.00444	0.01832	0.00222	0.84615	0.96154	0.80769	0.11538	0.34615	0.09615	0.03846	0.07692	0.01923	0.80769	4	DBA1819	9.25	3.400	D	2	D	D		DDDDDDDDDDDDDDDDDDDDDDDDDDDDDDDDD	9	5	1
Y	A	G56	DBA1516 P2 G6	0.88095	0.88095	0.02381	0.04037	0.04037	0.00037	0.42857	0.47619	0.42857	0.19048	0.23810	0.14286	0.09524	0.19048	0.09524	0.41270	6	DBA1516	9.20	0.523	A	1	A	L		LAAAAAAAAAAAAAAAAAAAAAAAAAAAAAAAAAAAAAAAAA	9	2	1
Y	L	G57	DBA1415 P2 G10	0.07317	0.73171	0.10976	0.00056	0.03268	0.00237	0.62500	0.62500	0.40625	0.12500	0.18750	0.12500	0.06250	0.06250	0.03125	0.42708	6	DBA1415	10.00	0.187	L	3	A	A		AAAAAAALLLLLLLLLLLLLLLLLLLLLLLLLLLLLLLLLL	10	1	1
Y	A	G58	DBA1920 P2 GM	1.00000	1.00000	0.00000	0.06200	0.06200	0.00000	0.57576	0.57576	0.54545	0.12121	0.12121	0.06061	0.09091	0.09091	0.06061	0.55303	4	DBA1920	9.20	0.242	A	1	A	A		AAAAAAAAAAAAAAAAAAAAAAAAAAAAAAAA	9	6	1
Y	L	G59	DBA1314 P2 G6	0.17391	1.00000	0.17391	0.00000	0.04265	0.00000	0.60000	0.66667	0.56667	0.00000	0.20000	0.06667	0.00000	0.06667	0.00000	0.52222	6	DBA1314	7.20	1.715	L	3	A	D		DDDDDDDDDLLLLLLLLLLLLLL	7	0	1
Y	D	G60	DBA1819 P2 GC	0.84848	0.84848	0.22727	0.01989	0.01989	0.00156	0.71429	0.76190	0.71429	0.23810	0.23810	0.14286	0.09524	0.09524	0.07143	0.71429	4	DBA1819	8.91	0.384	D	2	D	D		DDDDDDDDDDDDDDDDDDDDDDDDDDDDDDDDD	8	5	1
Y	A	G61	DBA1718 P3 GA	0.84906	0.84906	0.00000	0.03374	0.03374	0.00000	0.70000	0.70000	0.60000	0.15000	0.15000	0.15000	0.05000	0.10000	0.05000	0.58000	5	DBA1718	9.26	0.630	A	1	A	A		AAAAAAAAAAAAAAAAAAAAAAAAAAAAAAAAAAAAAAAAAAAAAAAAAAAAAA	9	4	1
Y	L	G62	DBA1314 P2 G1	0.11765	0.58824	0.05882	0.00281	0.02749	0.00140	0.22222	0.22222	0.18519	0.18519	0.18519	0.18519	0.18519	0.18519	0.18519	0.17284	6	DBA1314	8.80	0.276	L	3	A	L		LLLLLLLLLLLLLLLLLLLLLLLLLLLLLLLLLL	8	0	1
Y	D	G63	DBA1920 P3 GL	0.50000	0.66667	0.50000	0.01081	0.01081	0.00388	0.78947	0.78947	0.63158	0.42105	0.42105	0.10526	0.15789	0.15789	0.00000	0.58947	5	DBA1920	6.26	2.501	D	2	D	D		DDDDDDDDDDDDDDDDDDDDDDDDDDDDDD	6	6	1
Y	A	G64	DBA1516 P3 G6	0.65306	0.65306	0.09184	0.02881	0.02881	0.00278	0.39394	0.39394	0.21212	0.24242	0.27273	0.15152	0.15152	0.27273	0.10606	0.23737	6	DBA1516	5.00	1.776	A	1	A	L		LLLLLLLLLLLLLLLLAAAAAAAAAAAAAAAAAAAAAAAAAAAAAAAAA	5	2	1
Y	L	G65	DBA1718 P2 GG	0.33333	0.36667	0.26667	0.00087	0.00754	0.00139	0.59091	0.81818	0.63636	0.13636	0.18182	0.13636	0.04545	0.04545	0.04545	0.66364	5	DBA1718	9.22	0.450	L	3	L	D		DDDDDDAAAAAAAADDDDDDDDLLLLLLLL	9	4	1
Y	A	G66	DBA1920 P2 GH	0.78788	0.78788	0.09091	0.04794	0.04794	0.00206	0.57143	0.57143	0.35714	0.28571	0.35714	0.21429	0.28571	0.28571	0.14286	0.38571	5	DBA1920	8.42	0.873	A	1	A	L		LLLLLLAAAAAAAAAAAAAAAAAAAAAAAAAAA	8	6	1
Y	L	G67	DBA1415 P3 G4	0.39216	0.49020	0.19608	0.01797	0.03224	0.00964	0.46667	0.46667	0.40000	0.26667	0.26667	0.13333	0.26667	0.26667	0.00000	0.38667	5	DBA1415	7.40	0.467	L	3	A	A		AAAAAAAAAAAAAAAAAAAAAAAAAAAAAAAAAAAAAAAAAAAAAAAAALLL	7	1	1
Y	A	G68	DBA1819 P2 GG	1.00000	1.00000	0.00000	0.04947	0.04947	0.00000	0.71429	0.71429	0.64286	0.57143	0.57143	0.21429	0.21429	0.21429	0.14286	0.64286	3	DBA1819	9.30	1.090	A	1	A	A		AAAAAAAAAAAAAAAAAAA	9	5	1
Y	L	G69	DBA1516 P3 G7	0.29787	0.74468	0.34043	0.00046	0.00289	0.00120	0.50000	0.58333	0.54167	0.04167	0.12500	0.04167	0.04167	0.12500	0.04167	0.54861	6	DBA1516	7.10	3.752	L	3	A	D		DDDDDDDDDDDDDDDDDDDDDDDDDDDDDDDDDDLLLLLLLLLLLLL	7	2	1
Y	L	G70	DBA1819 P3 GH	0.36364	0.54545	0.22727	0.01199	0.01528	0.00716	0.71429	0.71429	0.59524	0.09524	0.28571	0.16667	0.04762	0.14286	0.07143	0.60714	4	DBA1819	7.83	1.056	L	3	D	A		AAAAAAADDDDDLLLLLLLLLLLLLLLLLLLLL	7	5	1
Y	L	G71	DBA1516 P2 G4	0.19444	0.63889	0.23611	0.00345	0.01024	0.00332	0.53333	0.66667	0.50000	0.20000	0.26667	0.06667	0.13333	0.13333	0.00000	0.52222	6	DBA1516	8.80	0.462	L	3	A	D		DDDDDDDDDDDDLLLLLLLLLLLLLLLLLLLLLLLL	8	2	1
Y	L	G72	DBA1617 P3 G6	0.27451	0.84314	0.29412	0.00124	0.00214	0.00115	0.57895	0.68421	0.63158	0.05263	0.10526	0.10526	0.05263	0.05263	0.05263	0.62105	5	DBA1617	8.68	3.203	L	3	D	D		DDDDDDDDDDDDDDDDDDDDDDDDDDDLLLLLLLLLLLLLLLLLLLLLLLLL	8	3	1
Y	A	G73	DBA1617 P3 G8	0.67925	0.67925	0.12264	0.03656	0.03656	0.00169	0.54545	0.54545	0.38636	0.31818	0.31818	0.15909	0.00000	0.18182	0.04545	0.39394	6	DBA1617	8.64	1.561	A	1	A	A		AAAAAAAAAAAAAAAAAAAAAAAAAAAAAAAAAAAAAAAAAAAAAAAAAAAAAA	8	3	1
Y	A	G74	DBA1920 P3 GI	1.00000	1.00000	0.00000	0.04014	0.04014	0.00000	0.60000	0.60000	0.53333	0.40000	0.40000	0.13333	0.06667	0.06667	0.06667	0.54667	5	DBA1920	8.50	0.638	A	1	A	A		AAAAAAAAAAAAAAAAAAAAAAAAAAAAAAA	8	6	1
Y	L	G75	DBA1415 P3 G7	0.29412	0.54902	0.34314	0.00870	0.02335	0.00974	0.36364	0.63636	0.45455	0.09091	0.27273	0.09091	0.00000	0.00000	0.00000	0.45455	6	DBA1415	9.20	0.171	L	3	D	L		LLLLLLLLAAAAAAAAAAAAAAAAAAAAAAAAAAADLLLLLLLLLLLLLLLL	9	1	1
Y	L	G76	DBA1718 P3 GG	0.24528	0.67925	0.24528	0.00211	0.00688	0.00211	0.78125	0.78125	0.53125	0.37500	0.37500	0.12500	0.12500	0.12500	0.06250	0.55000	5	DBA1718	9.26	2.531	L	3	A	L		LLLLLDDDDDDDDDDDDDDDDDLLLLLLLLLLLLLLLLLLLLLLLLLLLLLLLL	9	4	1
Y	L	G77	DBA1920 P3 GD	0.25000	0.65625	0.39063	0.00080	0.01715	0.00646	0.58824	0.88235	0.61765	0.00000	0.35294	0.11765	0.00000	0.23529	0.02941	0.67647	4	DBA1920	10.00	2.541	L	3	D	D		DDDDDDDDDDDDDDDDDLLLLLLLLLLLLLLL	10	6	1
Y	L	G78	DBA1920 P2 GC	0.08824	0.58824	0.20588	0.00269	0.02288	0.00762	0.50000	0.55556	0.47222	0.16667	0.22222	0.19444	0.16667	0.22222	0.13889	0.47222	4	DBA1920	7.39	0.096	L	3	A	L		LLLLLLLLLLLLLLLLLLLLLLLLLLLLLLLLLL	7	6	1
Y	L	G79	DBA1516 P3 G5	0.08511	0.76596	0.46809	0.00024	0.01919	0.00318	0.66667	0.66667	0.58333	0.00000	0.33333	0.08333	0.00000	0.08333	0.00000	0.56944	6	DBA1516	9.00	3.352	L	3	D	D		DDDDDDDDDLLLLLLLLLLLLLLLLLLLLLLLLLLLLLLLLLLLLLL	9	2	1
Y	L	G80	DBA1516 P2 G8	0.14706	0.79412	0.14706	0.00145	0.01066	0.00145	0.68750	0.93750	0.81250	0.06250	0.25000	0.06250	0.00000	0.12500	0.00000	0.81250	5	DBA1516	9.60	2.728	L	3	A	D		DDDDDDDDDDDDLLLLLLLLLLLLLLLLLLLLLL	9	2	1
Y	L	G81	DBA1718 P3 GB	0.00000	1.00000	0.00000	0.00000	0.04272	0.00000	0.50000	0.50000	0.43750	0.18750	0.18750	0.18750	0.06250	0.12500	0.06250	0.45000	5	DBA1718	8.24	1.249	L	3	A	L		LLLLLLLLLLLLLLLLLLLLLLLLLLLLLLLLLLLLLLLLLLL	8	4	1
Y	L	G82	DBA1718 P3 GC	0.12000	0.88000	0.16000	0.00443	0.05644	0.00021	0.61538	0.76923	0.61538	0.30769	0.30769	0.26923	0.03846	0.11538	0.03846	0.49231	5	DBA1718	7.89	2.297	L	3	A	L		LLLLLLLLLLLLLLLLLLLLLLLLLLLLLLLLLLLLLLLLLLLLLLLLLLL	7	4	1
Y	L	G83	DBA1617 P3 G5	0.34615	0.65385	0.23077	0.01573	0.01573	0.00238	0.85714	0.85714	0.52381	0.33333	0.33333	0.09524	0.14286	0.14286	0.00000	0.53175	6	DBA1617	9.10	0.665	L	3	A	D		DDDDDDDDDDDDDDDDDDDLLLLLLLLLLLLLLLLLLLLLLLLLLLLLLLLLL	9	3	1
Y	L	G84	DBA1617 P2 G10	0.25000	0.94444	0.22222	0.00030	0.03133	0.00015	0.66667	0.66667	0.64815	0.22222	0.25926	0.14815	0.11111	0.11111	0.07407	0.64815	4	DBA1617	7.48	1.251	L	3	D	L		LDDDDDDDDDDDDDDDDDDDDDLLLLLLLLLLLLLL	7	3	1
Y	D	G85	DBA1516 P2 G9	0.77143	0.77143	0.51429	0.04632	0.04632	0.00996	0.60000	0.60000	0.60000	0.33333	0.33333	0.20000	0.33333	0.33333	0.13333	0.57778	3	DBA1516	9.12	0.392	D	2	D	D		DDLLLLLLLLLLLDDDDDDDDDDDDDDDDDDDDDD	9	2	1
Y	A	G86	DBA1415 P3 G10	0.71739	0.71739	0.04348	0.04237	0.04237	0.00037	0.70000	0.70000	0.40000	0.30000	0.30000	0.20000	0.10000	0.10000	0.10000	0.42000	5	DBA1415	8.20	5.112	A	1	A	L		LLLAAAAAAAAAAAAAAAAAAAAAAAAAAAAAAAAAAAAAAAAAAA	8	1	1
Y	L	G87	DBA1718 P2 GB	0.28571	0.34286	0.28571	0.01376	0.01376	0.00918	0.50000	0.58333	0.58333	0.33333	0.33333	0.16667	0.08333	0.08333	0.08333	0.51667	5	DBA1718	7.56	0.342	L	3	L	L		LLLLLLLLLLLLLLLLLLLLLLLLLLLLLLLLLLL	7	4	1
Y	D	G88	DBA1819 P3 GE	0.50000	0.50000	0.23438	0.02205	0.02205	0.00545	0.68421	0.68421	0.65789	0.21053	0.21053	0.10526	0.10526	0.10526	0.05263	0.63158	4	DBA1819	8.95	0.474	D	2	D	L		LLLLLLLLLLLLLLLLLLLLLLLLLLDDDDDD	8	5	1
Y	L	G89	DBA1819 P3 GI	0.00000	1.00000	0.00000	0.00000	0.15281	0.00000	0.46154	0.84615	0.61538	0.07692	0.46154	0.23077	0.00000	0.30769	0.07692	0.64103	3	DBA1819	5.51	1.351	L	3	A	L		LLLLLLLLLLLLLLLLLLLLLLLLLLLLLLLL	5	5	1
Y	L	G90	DBA1617 P3 G4	0.40385	0.46154	0.20192	0.00143	0.00143	0.00038	0.70833	0.70833	0.62500	0.16667	0.16667	0.10417	0.08333	0.08333	0.00000	0.61806	6	DBA1617	8.01	0.397	L	3	D	D		DDDDDDDDDDDDDDDDDDDDDDDDDDDDDDDDDDDDDDDLLLLLLLLLLLLLL	8	3	1
Y	L	G91	DBA1819 P2 GF	0.15385	0.88462	0.09615	0.00518	0.02967	0.00259	0.70833	0.70833	0.64583	0.25000	0.25000	0.16667	0.20833	0.20833	0.06250	0.65625	4	DBA1819	8.14	0.371	L	3	A	D		DDLLLLLLLLLLLLLLLLLLLLLLLL	8	5	1
Y	A	G92	DBA1920 P2 GK	0.60606	0.60606	0.25758	0.01932	0.01932	0.00749	0.72000	0.72000	0.50000	0.28000	0.28000	0.26000	0.16000	0.16000	0.12000	0.54000	4	DBA1920	8.10	2.069	A	1	A	D		DDDDDDDDDDDADDDDDDDDDDDDAAAAAAAAA	8	6	1
Y	D	G93	DBA1314 P2 G7	0.60870	1.00000	0.60870	0.00338	0.01498	0.00338	0.50000	0.50000	0.37500	0.25000	0.25000	0.18750	0.25000	0.25000	0.06250	0.35417	6	DBA1314	8.60	1.416	D	2	D	D		DDDDDDDDDDDDDDDDDDDDDDD	8	0	1
Y	A	G94	DBA1617 P3 G7	0.86538	0.86538	0.00000	0.03267	0.03267	0.00000	0.70000	0.75000	0.70000	0.25000	0.25000	0.12500	0.00000	0.05000	0.00000	0.57500	6	DBA1617	4.67	2.619	A	1	A	A		AAAAAAAAAAAAAAAAAAAAAAAAAAAAAAAAAAAAAAAAAAAAAAAAAAAAA	4	3	1
Y	A	G95	DBA1819 P3 GJ	1.00000	1.00000	0.00000	0.03095	0.03095	0.00000	0.66667	0.66667	0.63889	0.27778	0.27778	0.16667	0.05556	0.11111	0.08333	0.62500	4	DBA1819	7.61	0.537	A	1	A	A		AAAAAAAAAAAAAAAAAAAAAAAAAAAAAAA	7	5	1
Y	A	G96	DBA1415 P2 G8	0.77419	0.77419	0.06452	0.04290	0.04290	0.00254	0.71429	0.71429	0.35714	0.14286	0.28571	0.14286	0.14286	0.14286	0.07143	0.40476	6	DBA1415	9.00	0.186	A	1	A	A		AAAAAAAAAAAAAAAAAAAAAAAAAAAAAAA	9	1	1
Y	D	G97	DBA1718 P2 GE	0.53333	0.70000	0.48333	0.01167	0.01584	0.00599	0.72222	0.83333	0.75000	0.11111	0.22222	0.11111	0.05556	0.11111	0.02778	0.76389	4	DBA1718	7.61	1.674	D	2	D	D		DDDDDDDDDDDDDDDDDDDDDDDDDDDDDD	7	4	1
Y	L	G98	DBA1920 P2 GL	0.17647	0.70588	0.20588	0.00301	0.02519	0.00288	0.55556	0.61111	0.50000	0.33333	0.33333	0.16667	0.11111	0.16667	0.11111	0.45556	5	DBA1920	8.34	0.259	L	3	A	D		DDDDDDDDDLLLLLLLLLLLLLLLLLLLLLLLLL	8	6	1
Y	D	G99	DBA1819 P2 GL	0.84000	0.84000	0.62000	0.00158	0.00158	0.00126	0.65217	0.73913	0.67391	0.13043	0.13043	0.10870	0.00000	0.08696	0.02174	0.68478	4	DBA1819	10.00	4.015	D	2	D	D		DDDDDDDDDDDDDDDDDDDDDDDDD	10	5	1
Y	D	G100	DBA1920 P3 GF	1.00000	1.00000	0.29688	0.02803	0.02803	0.00028	1.00000	1.00000	0.90000	0.40000	0.40000	0.15000	0.10000	0.10000	0.00000	0.92500	4	DBA1920	9.25	4.255	D	2	D	D		DDDDDDDDDDDDDDDDDDDDDDDDDDDDDDDD	9	6	1
Y	A	G101	DBA1617 P3 G10	0.92308	0.92308	0.22115	0.10622	0.10622	0.00025	0.61111	0.61111	0.52778	0.33333	0.33333	0.11111	0.27778	0.27778	0.08333	0.51389	4	DBA1617	5.90	1.317	A	1	A	L		LLLLLLDDDDDDDDDDDDDDDDDDDDDDDDDDDAAAAAAAAAAAAAAAAAAAA	5	3	1
Y	L	G102	DBA1920 P2 GJ	0.00000	0.85294	0.67647	0.00000	0.01704	0.00995	0.00000	0.62500	0.50000	0.00000	0.25000	0.12500	0.00000	0.25000	0.00000	0.45000	5	DBA1920	8.64	3.305	L	3	D	L		LLLLLLLLLLLLLLLLLLLLLLLLLLLLLLLLLL	8	6	1
Y	L	G103	DBA1920 P3 GN	0.24000	0.48000	0.28000	0.00215	0.00777	0.00215	0.62500	0.66667	0.62500	0.33333	0.37500	0.33333	0.12500	0.12500	0.12500	0.62500	3	DBA1920	1.13	8.544	L	3	D	L		LLLLLLLLLLLLLLLLLLLLLLLLL	1	6	1
Y	L	G104	DBA1718 P2 GC	0.38710	0.80645	0.19355	0.01734	0.01925	0.00000	0.55000	0.55000	0.35000	0.25000	0.25000	0.25000	0.20000	0.20000	0.15000	0.37000	5	DBA1718	6.99	0.924	L	3	A	D		DDDDDDDDDDDDDDLLLLLLLLLLLLLLLLL	6	4	1
Y	L	G105	DBA1920 P2 GI	0.12500	0.56250	0.12500	0.00382	0.01089	0.00195	0.40000	0.70000	0.50000	0.15000	0.25000	0.15000	0.05000	0.15000	0.05000	0.52000	5	DBA1920	9.64	0.234	L	3	A	L		LLLLLLLLLLLLLLLLLLLLLLLLLLLLLLLL	9	6	1
Y	L	G106	DBA1314 P2 G4	0.21875	0.93750	0.21875	0.00000	0.03266	0.00000	0.25000	0.37500	0.25000	0.25000	0.25000	0.18750	0.00000	0.25000	0.06250	0.27083	6	DBA1314	5.60	2.324	L	3	A	D		DDDDDDDDDDDDDDDDDLLLLLLLLLLLLLLL	5	0	1
Y	L	G107	DBA1819 P3 GB	0.09091	0.90909	0.04545	0.00734	0.05361	0.00367	0.47619	0.47619	0.40476	0.28571	0.28571	0.23810	0.14286	0.14286	0.14286	0.39286	4	DBA1819	1.50	2.214	L	3	A	L		LLLLLLLLLLLLLLLLLLLLLLLLLLLLLLLLL	1	5	1
Y	L	G108	DBA1718 P2 GD	0.06250	0.87500	0.06250	0.00000	0.05932	0.00000	0.47368	0.73684	0.63158	0.10526	0.26316	0.10526	0.00000	0.21053	0.00000	0.63158	5	DBA1718	8.47	0.822	L	3	A	D		DDDDLLLLLLLLLLLLLLLLLLLLLLLLLLLL	8	4	1
Y	A	G109	DBA1819 P3 GD	1.00000	1.00000	0.00000	0.04491	0.04491	0.00000	0.57895	0.57895	0.52632	0.31579	0.31579	0.23684	0.15789	0.21053	0.15789	0.52632	4	DBA1819	8.31	1.451	A	1	A	A		AAAAAAAAAAAAAAAAAAAAAAAAAAAAAAAAA	8	5	1
Y	L	G110	DBA1617 P2 G5	0.11765	0.70588	0.07353	0.00289	0.01988	0.00161	0.47368	0.63158	0.47368	0.10526	0.15789	0.10526	0.05263	0.10526	0.05263	0.49123	6	DBA1617	9.35	0.472	L	3	A	L		LLLLLLLLLLLLLLLLLLLLLLLLLLLLLLLLLL	9	3	1
Y	A	G111	DBA1516 P2 G5	1.00000	1.00000	0.00000	0.04860	0.04860	0.00000	0.75000	0.75000	0.45833	0.16667	0.16667	0.16667	0.00000	0.08333	0.00000	0.52778	6	DBA1516	8.80	0.352	A	1	A	A		AAAAAAAAAAAAAAAAAAAAAAAAAAAAAAAAAAAA	8	2	1
Y	L	G112	DBA1819 P3 GG	0.00000	1.00000	0.00000	0.00000	0.08256	0.00000	0.45161	0.48387	0.45161	0.38710	0.45161	0.38710	0.32258	0.38710	0.32258	0.38710	3	DBA1819	7.80	3.911	L	3	A	L		LLLLLLLLLLLLLLLLLLLLLLLLLLLLLLLLL	7	5	1
Y	A	G113	DBA1516 P2 G2	1.00000	1.00000	0.00000	0.08896	0.08896	0.00000	0.71429	0.71429	0.42857	0.42857	0.42857	0.14286	0.21429	0.21429	0.07143	0.47143	5	DBA1516	8.80	0.087	A	1	A	A		AAAAAAAAAAAAAAAAAAAAAAAAAAAAAAAAAA	8	2	1
Y	D	G114	DBA1314 P2 G8	0.69565	0.91304	0.60870	0.01083	0.01602	0.00427	0.63636	0.63636	0.54545	0.18182	0.18182	0.00000	0.09091	0.09091	0.00000	0.48485	6	DBA1314	7.40	2.732	D	2	D	D		DDDDDDDDDDDDDDDDDDDDDDD	7	0	1
Y	A	G115	DBA1920 P2 GN	0.81818	0.81818	0.30303	0.03590	0.03590	0.02840	0.80952	0.80952	0.80952	0.33333	0.57143	0.33333	0.19048	0.19048	0.19048	0.55556	3	DBA1920	10.00	5.248	A	1	A	A		AAAAAAAAAAAAAAAAAAAAAAAAAAAAAAAAA	10	6	1
Y	L	G116	DBA1819 P3 GK	0.14706	0.73529	0.16176	0.00900	0.02255	0.00595	0.52941	0.64706	0.52941	0.29412	0.29412	0.20588	0.11765	0.17647	0.11765	0.54412	4	DBA1819	9.40	1.545	L	3	A	L		LLLLLLLLLLLLLLLLLLLLLLLLLLLLLLLLLL	9	5	1
Y	D	G117	DBA1819 P3 GC	0.48485	0.48485	0.25758	0.01760	0.01760	0.00181	0.70000	0.70000	0.62500	0.20000	0.30000	0.22500	0.10000	0.15000	0.12500	0.62500	4	DBA1819	9.31	3.643	D	2	D	L		LLLLLLLLLLLLLLLLLLLLLLLLLLLLDDDDD	9	5	1
Y	D	G118	DBA1920 P3 GH	0.43333	1.00000	0.43333	0.00103	0.03712	0.00103	0.50000	0.57143	0.42857	0.14286	0.21429	0.14286	0.07143	0.14286	0.07143	0.41429	5	DBA1920	5.31	4.508	D	2	D	D		DDDDDDDDDDDDDDDDDDDDDDDDDDDDDD	5	6	1
