Leader	Year	Grade	TEAM	0.00000	0.01961	0.03922	0.05882	0.07843	0.09804	0.11765	0.13725	0.15686	0.17647	0.19608	0.21569	0.23529	0.25490	0.27451	0.29412	0.31373	0.33333	0.35294	0.37255	0.39216	0.41176	0.43137	0.45098	0.47059	0.49020	0.50980	0.52941	0.54902	0.56863	0.58824	0.60784	0.62745	0.64706	0.66667	0.68627	0.70588	0.72549	0.74510	0.76471	0.78431	0.80392	0.82353	0.84314	0.86275	0.88235	0.90196	0.92157	0.94118	0.96078	0.98039	1.00000	Size	EC	Lead-int	GradeC
D	DBA 1819	10.00	DBA 1819 P3 GL	0.00000	0.01961	-0.00333	0.01627	0.03588	0.05549	0.07510	0.09470	0.11431	0.13392	0.15353	0.17314	0.19274	0.21235	0.18231	0.20192	0.22153	0.24113	0.26074	0.28035	0.29996	0.31956	0.33917	0.35878	0.37839	0.39800	0.38569	0.40530	0.42491	0.44452	0.46413	0.48373	0.49270	0.51231	0.41844	0.43804	0.45765	0.47726	0.49687	0.50939	0.52899	0.42094	0.44055	0.23321	0.14644	0.16604	0.18565	0.20526	0.05466	0.07426	0.09387	0.00000	4	0.28889	2	10
D	DBA 1920	4.01	DBA 1920 P3 GJ	0.00000	0.01961	-0.02745	-0.00785	0.01176	0.03137	0.05098	0.07058	0.09019	0.10980	0.12941	0.14902	0.16862	0.18823	0.14118	0.16079	0.18040	0.20000	0.21961	0.23922	0.25883	0.27843	0.29804	0.31765	0.33726	0.35687	0.24313	0.26274	0.28235	0.30196	0.32157	0.34117	0.36078	0.38039	0.40000	0.41960	0.43921	0.45882	0.47843	0.40638	0.42598	0.44559	0.43186	0.45147	0.47108	0.49068	0.44363	0.34657	0.36618	0.21911	0.23872	0.00000	4	0.26557	2	0
D	DBA 1819	7.96	DBA 1819 P2 GH	0.00000	0.01961	-0.00502	0.01458	0.03419	-0.01698	0.00263	0.02223	0.04184	0.04464	0.06425	0.08386	0.10346	0.12307	0.00775	0.02736	0.04697	0.06657	0.06407	0.05326	0.07287	0.02777	0.04738	0.06699	0.08660	0.10621	-0.02017	-0.00056	0.01905	0.03866	0.05827	0.07787	0.09748	0.07285	0.09246	0.08994	0.10955	0.04069	0.06030	0.03567	0.05527	0.07488	0.07237	0.09198	0.11159	0.13119	-0.03721	-0.01760	0.00201	-0.00051	0.01910	0.00000	4	0.01172	2	7
L	DBA 1920	8.95	DBA 1920 P2 GE	0.00000	0.01961	0.02133	0.04093	0.06054	0.06227	0.08188	0.06123	0.05580	0.07541	0.09502	0.11463	0.12887	0.04474	0.06435	0.00437	-0.14415	-0.12455	-0.12282	-0.10321	-0.10149	-0.08189	-0.06228	-0.04267	-0.02306	-0.10540	-0.17523	-0.15562	-0.15747	-0.13786	-0.11825	-0.12190	-0.10229	-0.08268	-0.06307	-0.10447	-0.10274	-0.08313	-0.11181	-0.09220	-0.07260	-0.05299	-0.03338	-0.02272	-0.00311	0.01649	0.03610	0.05571	-0.02305	-0.02133	-0.00172	0.00000	4	0.02195	3	8
A	DBA 1920	4.51	DBA 1920 P3 GK	0.00000	0.01961	-0.00407	0.01553	0.03514	0.05475	0.07436	0.09396	0.11357	0.13318	0.15279	0.17240	0.18767	0.20728	0.22689	0.24650	0.26611	0.28571	0.30532	0.30040	0.32001	0.33961	0.35922	0.37306	0.39267	0.39063	0.38137	0.40098	0.42059	0.44020	0.45981	0.47941	0.49902	0.51863	0.53824	0.51455	0.53416	0.55377	0.57338	0.52806	0.50798	0.52759	0.41733	0.43694	0.31946	0.33906	0.27209	0.22316	0.24277	-0.01757	0.00204	0.00000	4	0.34929	1	0
D	DBA 1415	7.20	DBA 1415 P3 G6	0.00000	-0.01149	0.00812	-0.04227	-0.02266	-0.00305	0.01656	-0.05715	-0.07798	-0.05837	-0.03876	-0.01915	0.00045	0.02006	0.03656	-0.00293	0.01668	0.03628	0.05589	0.04440	0.06401	0.06028	0.07989	0.09950	0.11911	0.13872	0.15832	0.17793	0.19754	0.21715	0.23676	0.25636	0.27597	0.29558	0.31519	0.33479	0.35440	0.37401	0.39362	0.36658	0.38618	0.19272	0.07392	0.09353	0.11314	0.13274	0.13680	0.15641	0.17602	0.06964	0.01149	0.00000	6	0.09071	2	7
D	DBA 1819	8.23	DBA 1819 P2 GB	0.00000	0.01961	0.02183	0.04143	0.06104	0.08065	0.10026	0.11986	0.13947	0.15908	0.17869	0.19830	0.21790	0.06794	0.03538	0.05499	0.07460	0.09420	0.11381	0.13342	0.15303	0.17263	0.19224	0.21185	0.20537	0.22498	0.24458	0.26419	0.28380	0.30341	0.32302	0.34262	0.28832	0.27315	0.29276	0.12975	0.14936	0.16897	0.18858	0.20819	0.22779	0.14305	0.16266	0.18227	0.20188	0.12583	0.06718	0.08679	0.08901	0.05208	0.07169	0.00000	4	0.09216	2	8
L	DBA 1920	5.45	DBA 1920 P3 GB	0.00000	0.01961	-0.06340	-0.04380	-0.02419	-0.00458	0.01503	0.03463	0.04783	0.06744	0.08064	0.10025	0.10061	0.03043	0.05004	0.06965	0.07643	0.09603	0.10281	0.12242	0.14203	0.16163	0.18124	0.16878	0.18839	0.13874	0.15834	0.17795	0.19756	0.21717	0.23678	0.25638	0.27599	0.28277	0.30238	0.32198	0.24539	0.26500	0.28461	0.29780	0.31740	0.33060	0.35021	0.36982	0.27399	0.29359	0.21699	0.23660	0.20747	0.00567	0.02528	0.00000	4	0.11122	3	5
D	DBA 1617	8.86	DBA 1617 P2 G6	0.00000	0.01961	-0.13302	-0.11342	-0.09381	-0.07420	-0.05459	-0.03499	-0.01538	0.00423	0.02384	0.00014	0.01974	0.03935	0.05896	-0.01001	0.00960	0.02920	0.04881	0.06842	0.08803	0.10763	0.12724	0.13700	0.15661	0.15654	0.17614	0.19575	0.14449	0.16410	0.14926	0.16886	0.18847	0.20808	0.00132	0.02092	0.04053	0.06014	0.00002	0.01963	-0.01982	-0.00021	-0.09773	-0.07812	-0.05851	-0.03891	-0.01930	-0.05874	-0.03913	-0.01953	0.00008	0.00000	5	0.02552	2	8
A	DBA 1718	6.46	DBA 1718 P2 GH	0.00000	0.01961	-0.03845	-0.01885	0.00076	0.02037	0.03998	0.05958	0.07919	0.09880	0.11841	0.13802	0.15762	0.17723	0.19684	0.08053	0.10014	0.11974	0.13935	0.15896	0.17857	0.19817	0.21778	0.23739	0.25700	0.27661	0.29621	0.31582	0.18009	0.19970	0.14164	0.16124	0.18085	0.20046	0.22007	0.23967	0.25928	0.27889	0.23442	0.25403	0.18625	0.20586	0.10120	0.12081	0.14042	0.16002	0.17963	0.15070	0.17031	0.15107	0.17068	0.00000	5	0.09011	1	5
D	DBA 1617	9.44	DBA 1617 P2 G2	0.00000	0.01961	-0.00977	-0.00184	0.01777	0.03738	0.01966	0.03926	0.05887	0.07848	0.07865	0.09826	0.11786	0.10248	0.12209	0.14170	0.07436	0.09396	0.08573	0.07618	0.09579	0.09984	0.02901	0.04862	0.06823	0.08784	0.08877	0.10838	0.12799	0.12303	0.14264	0.16224	0.15611	0.14445	0.16406	0.16018	0.17979	0.19224	0.16519	0.18480	0.14577	0.12440	0.14401	0.14417	0.16378	0.09388	0.07071	0.09032	0.06522	0.04049	0.06010	0.00000	5	0.03508	2	9
L	DBA 1819	9.64	DBA 1819 P2 GK	0.00000	0.01961	-0.02385	-0.00425	0.01536	0.03497	-0.04346	-0.02386	-0.00425	0.01536	0.02307	0.04268	0.06228	0.08189	0.10150	0.12111	0.14072	0.16032	0.17993	0.19954	0.17155	0.19115	0.03227	0.05188	-0.05047	-0.03086	-0.01126	0.00835	0.02796	-0.02383	-0.00422	-0.03519	-0.01558	-0.03166	-0.01205	-0.17094	-0.15133	-0.13172	-0.11211	-0.11630	-0.09670	-0.13658	-0.11697	-0.12116	-0.10155	-0.08195	-0.06234	-0.05463	-0.03502	-0.01542	0.00419	0.00000	4	0.02374	3	9
L	DBA 1617	10.00	DBA 1617 P3 G9	0.00000	-0.03863	-0.01902	-0.02647	-0.00686	-0.02261	-0.02692	-0.05135	-0.03174	-0.01213	0.00748	0.02709	0.01549	-0.01691	0.00270	0.01538	-0.02846	-0.01302	0.00659	0.02620	0.03195	0.03768	0.04966	0.04986	0.05733	0.07694	0.09654	0.09660	0.11621	0.09422	0.11383	0.11956	0.13917	0.14664	0.14753	0.16713	0.16421	0.12349	0.12924	0.14885	0.16845	0.17280	0.16329	0.18290	0.14704	0.15693	0.11726	0.07134	0.09095	0.11055	0.13016	0.00000	4	0.02790	3	10
L	DBA 1516	9.60	DBA 1516 P3 G3	0.00000	-0.10121	-0.08160	-0.06200	-0.04239	-0.02278	-0.00317	0.01643	0.03604	-0.07649	-0.05688	-0.03727	-0.08374	-0.06413	-0.04452	-0.02491	-0.00530	0.01430	-0.02272	-0.00311	0.01650	0.03610	0.05571	0.07532	0.09493	0.11454	0.13414	0.15312	0.17273	0.19234	0.19106	0.20940	0.22901	0.10389	0.11344	0.13304	0.15265	0.17226	0.19187	0.11080	0.01713	0.03674	0.05635	0.07596	0.09557	0.07616	0.01334	0.01722	0.03683	0.03629	0.04331	0.00000	6	0.02840	3	9
L	DBA 1415	8.10	DBA 1415 P3 G3	0.00000	0.00726	0.02687	0.02178	0.04139	0.04866	0.06827	0.08787	0.10748	0.12709	0.14670	0.16631	0.18591	0.20552	0.22513	0.24474	0.26435	0.28395	0.30356	0.32317	0.34278	0.36238	0.38199	0.40160	0.42121	0.44082	0.46042	0.48003	0.49964	0.51925	0.53886	0.53377	0.55338	0.57299	0.59260	0.55047	0.57008	0.58969	0.57226	0.59187	0.61147	0.61256	0.63217	0.65178	0.67139	0.69099	0.46369	0.13145	0.10167	0.12127	0.07916	0.00000	5	0.48554	3	8
A	DBA 1819	8.14	DBA 1819 P2 GJ	0.00000	0.01961	-0.07706	-0.05746	-0.03785	-0.01824	0.00137	0.02097	0.04058	0.06019	0.07980	0.09941	0.11901	0.13862	0.15823	0.17784	0.19745	0.21705	0.16868	0.18829	0.16318	0.18278	0.20239	0.22200	0.24161	0.26122	0.28082	0.25571	0.27532	0.28151	0.30112	0.26169	0.28130	0.15779	0.17740	0.16123	0.18084	0.20045	0.16639	0.18600	0.20560	0.22521	0.20904	0.22865	0.11320	0.13280	0.15241	0.08257	0.10218	0.03234	0.05195	0.00000	4	0.08964	1	8
D	DBA 1617	10.00	DBA 1617 P2 G9	0.00000	0.01961	-0.00431	0.01529	0.03490	-0.01284	0.00677	0.02637	0.04598	0.06559	0.08520	0.10481	0.12441	0.14402	0.16363	0.15860	0.10839	0.12799	0.09668	0.11629	0.12768	0.14728	0.16279	0.18240	0.17162	0.19123	0.16647	0.12038	0.13999	0.08403	0.10364	0.09449	0.11410	0.12139	0.14100	0.16060	0.18021	0.19982	0.12005	0.13966	0.12476	0.14437	0.10690	0.12651	0.04098	0.06058	0.03584	0.05545	0.07506	0.09466	0.11427	0.00000	5	0.03998	2	10
A	DBA 1920	8.22	DBA 1920 P2 GB	0.00000	0.01961	-0.01842	0.00118	0.02079	0.01879	0.03840	0.05800	0.07761	0.09722	0.11683	0.10762	0.04077	0.06038	0.07278	0.09239	0.11200	0.09558	0.11519	0.13480	0.15441	0.17401	0.19362	0.12317	0.13269	0.15230	0.15749	0.16630	0.18591	0.20552	0.22513	0.24473	0.25713	0.18669	0.20630	0.17907	0.14104	0.16065	0.10821	0.10621	0.12581	0.10219	0.10739	0.12700	0.06016	0.02932	0.04893	-0.02079	-0.00118	0.01842	-0.00520	0.00000	4	0.04643	1	8
L	DBA 1415	8.10	DBA 1415 P2 G4	0.00000	-0.00817	0.01144	0.03104	0.02287	0.04248	0.06209	0.05392	0.07353	0.09314	0.11275	0.10458	0.11029	0.12990	0.14951	0.14134	0.16095	0.18055	0.20016	0.21977	0.22549	0.24509	0.22304	0.24265	0.22059	0.19853	0.21813	0.23774	0.25735	0.12419	0.08824	0.10784	0.12745	0.14706	0.16667	0.18627	0.20588	0.22549	0.24510	0.22304	0.15931	0.15114	0.10131	0.12092	0.08497	0.06291	0.04085	0.06046	0.08007	0.05800	0.06372	0.00000	5	0.06775	3	8
L	DBA 1415	6.60	DBA 1415 P3 G9	0.00000	-0.06550	-0.05652	-0.03692	-0.01731	0.00230	0.01659	0.03619	0.01324	-0.07353	-0.05392	-0.03431	-0.01471	0.00490	0.02451	0.04412	0.06373	0.08333	0.10294	0.12255	0.14216	0.16176	0.18137	0.20098	0.22059	0.24020	0.25980	0.27941	0.29902	0.27608	0.29569	0.31529	0.33490	0.35451	0.37412	0.17031	0.15801	0.17762	0.19723	0.08918	0.10878	0.00073	0.02034	0.03995	0.05956	0.07916	0.09877	0.11838	0.13799	0.13099	0.15060	0.00000	6	0.08001	3	5
D	DBA 1516	4.40	DBA 1516 P3 G4	0.00000	0.00612	0.02573	0.04533	0.06494	0.06657	0.08168	0.10128	0.09391	0.11352	0.13313	0.15274	0.17234	0.19195	0.21156	0.20194	0.19458	0.21418	0.19961	0.21922	0.22759	0.24719	0.26680	0.28641	0.30602	0.32563	0.34523	0.36484	0.38445	0.39102	0.41063	0.43023	0.44984	0.46945	0.47108	0.46145	0.48106	0.50067	0.52028	0.53989	0.55949	0.56561	0.58522	0.60483	0.62444	0.62606	0.64567	0.66528	0.56528	0.43740	-0.00837	0.00000	6	0.41036	2	0
A	DBA 1415	10.00	DBA 1415 P2 G3	0.00000	-0.00713	0.01248	0.03208	0.05169	0.04456	0.06417	0.08377	0.07130	0.09091	0.11052	0.13013	0.14973	0.14795	0.16756	0.18717	0.12122	0.14082	-0.00535	0.01426	0.01248	0.03208	-0.01783	0.00178	-0.10695	-0.08734	-0.06774	-0.15508	-0.13547	-0.11586	-0.09625	-0.10339	-0.08378	-0.06417	-0.04456	-0.02496	-0.00535	0.01426	0.00178	0.02139	0.04099	0.03921	0.04813	0.05704	0.00714	0.02674	0.01961	0.03922	0.05883	0.07843	0.02852	0.00000	5	0.01937	1	10
D	DBA 1516	8.60	DBA 1516 P3 G1	0.00000	-0.00365	0.01596	0.03556	0.05517	0.07478	0.09439	0.11399	0.13360	0.09507	0.11468	0.13429	0.08413	0.06885	0.08846	0.10807	0.07536	0.09496	0.11457	0.13418	0.15379	0.17339	0.16393	0.18354	0.20315	0.22276	0.24236	0.26197	0.25832	0.25468	0.27429	0.29389	0.31350	0.33311	0.32946	0.34906	0.36867	0.38828	0.40789	0.42750	0.44710	0.43183	0.45144	0.47105	0.33949	0.34165	0.36126	0.31110	0.27258	0.24566	0.16062	0.00000	5	0.18855	2	8
A	DBA 1314	10.00	DBA 1314 P3 G1	0.00000	0.01389	0.03350	0.03546	0.05507	0.07468	0.07443	0.09403	0.08681	0.07714	0.09675	0.11636	0.11659	0.04580	0.06243	0.08204	0.10165	0.08404	0.08283	0.07763	0.02172	0.02046	0.04007	0.05968	0.06069	0.08030	0.08905	0.10120	0.12081	0.14042	0.16003	0.16175	0.15655	0.17616	0.19577	0.21537	0.23498	0.25459	0.25679	0.23025	0.20215	0.21331	0.23292	0.23316	0.25277	0.27237	0.29001	-0.01684	0.00277	0.02237	0.00770	0.00000	6	0.05920	1	10
A	DBA 1819	7.40	DBA 1819 P2 GI	0.00000	0.01961	-0.09649	-0.07689	-0.05728	-0.03767	-0.01806	0.00154	0.02115	0.04076	0.06037	0.07998	0.09958	0.07848	0.09809	0.11770	0.13731	0.15691	0.15107	0.17068	0.18860	0.20820	0.19388	0.21349	0.16694	0.18655	0.20615	0.22576	0.24537	0.13776	0.15737	0.17697	0.19658	-0.06202	-0.04241	-0.05673	-0.03712	-0.01751	-0.07848	-0.05887	-0.05623	-0.03662	-0.01701	0.00260	0.02221	0.04181	0.06142	0.07933	0.09894	0.07104	0.09065	0.00000	4	0.04115	1	7
L	DBA 1415	9.00	DBA 1415 P2 G1	0.00000	0.01961	-0.04255	-0.20283	-0.18322	-0.27808	-0.25847	-0.23887	-0.21926	-0.22418	-0.27816	-0.25855	-0.23895	-0.21934	-0.22753	-0.26025	-0.24064	-0.22104	-0.20143	-0.18182	-0.16221	-0.14261	-0.13936	-0.11975	-0.10014	-0.08053	-0.10999	-0.10673	-0.08712	-0.19016	-0.17055	-0.19183	-0.18858	-0.16897	-0.14936	-0.12976	-0.13059	-0.14368	-0.12407	-0.15352	-0.13392	-0.16337	-0.14376	-0.12415	-0.10454	-0.08494	-0.06533	-0.04572	-0.02611	-0.00651	0.01310	0.00000	5	0.08237	3	9
D	DBA 1920	8.94	DBA 1920 P2 GF	0.00000	0.01961	0.00876	0.02836	0.04797	0.06758	0.08719	0.10679	0.12640	0.08508	0.10469	0.12430	0.14390	0.16351	0.18312	0.18369	0.20330	0.22290	0.24251	0.26212	0.28173	0.30133	0.32094	0.34055	0.36016	0.34169	0.34605	0.36566	0.26341	0.28302	0.30263	0.32223	0.34184	0.36145	0.35060	0.37020	0.38981	0.40942	0.42903	0.44864	0.46824	0.48785	0.50746	0.50422	0.52383	0.51297	0.53258	0.31609	0.33570	0.13214	0.15175	0.00000	4	0.27993	2	8
A	DBA 1617	9.75	DBA 1617 P2 G8	0.00000	0.01961	-0.08563	-0.06603	-0.04642	-0.02681	-0.00720	0.01240	0.03201	0.05162	0.07123	0.04948	0.06908	0.05279	0.07240	0.09201	0.11162	0.13122	0.13523	0.15484	0.17054	0.19014	0.13172	0.15133	0.15533	0.17494	0.12822	0.12051	0.14012	0.15973	0.17934	0.19894	0.21855	0.23036	0.24997	0.23836	0.24821	0.26782	0.21330	0.23291	0.18618	0.20579	0.18248	0.20209	0.12416	0.14376	0.04632	0.02301	0.04262	-0.02361	-0.00400	0.00000	6	0.06131	1	9
D	DBA 1516	10.00	DBA 1516 P3 G9	0.00000	0.01961	-0.11764	-0.09804	-0.07843	-0.09804	-0.21568	-0.19608	-0.17647	-0.15686	-0.17647	-0.19607	-0.17647	-0.15686	-0.13725	-0.11764	-0.09803	-0.07843	-0.05882	-0.03921	-0.01960	0.00000	0.01961	0.03922	0.05883	0.07844	0.09804	0.11765	0.13726	0.15687	0.17648	0.19608	0.21569	0.23530	0.25491	0.27451	0.29412	0.31373	0.33334	0.35295	0.37255	0.39216	0.41177	0.43138	0.45099	0.47059	0.43137	0.45098	0.47059	0.34313	0.36274	0.00000	3	0.17732	2	10
A	DBA 1415	9.00	DBA 1415 P2 G6	0.00000	0.01961	0.01453	0.03413	0.05374	0.07335	0.09296	0.11256	0.13217	0.15178	0.17139	0.19100	0.16122	0.18083	0.07698	0.09659	0.11620	0.13580	0.15541	0.17502	0.19463	0.21423	0.23384	0.25345	0.27306	0.19390	0.16412	0.18373	0.17865	0.19826	0.21787	0.23747	0.25708	0.27669	0.29630	0.31590	0.33551	0.35512	0.37473	0.03631	0.05591	0.07552	0.09513	0.11474	0.13435	0.15395	0.17356	0.19317	0.21278	0.05955	0.07916	0.00000	6	0.10027	1	9
L	DBA 1718	4.22	DBA 1718 P3 GH	0.00000	-0.02932	-0.00971	0.00989	0.02950	0.04911	0.06872	0.08832	0.10793	0.12754	0.14715	0.16676	0.18636	0.20597	0.12772	0.14733	0.16694	0.18654	0.17863	0.19824	0.21173	0.23133	0.25094	0.24609	0.26570	0.27919	0.27433	0.26335	0.20101	0.22062	0.23167	0.25127	0.27088	0.29049	0.25199	0.22878	0.24839	0.26800	0.28761	0.28887	0.30847	0.32808	0.34769	0.36730	0.38691	0.40039	0.42000	0.41759	0.30571	0.22745	0.01709	0.00000	5	0.16582	3	0
A	DBA 1516	10.00	DBA 1516 P2 G3	0.00000	-0.16465	-0.14504	-0.12544	-0.31507	-0.29546	-0.27585	-0.25625	-0.23664	-0.21703	-0.19742	-0.24402	-0.22442	-0.20481	-0.18520	-0.16559	-0.14598	-0.12638	-0.10677	-0.08716	-0.06755	-0.16038	-0.14077	-0.12116	-0.10155	-0.08194	-0.06234	-0.06772	-0.04811	-0.02850	-0.00889	-0.12420	-0.10459	-0.10997	-0.09036	-0.07076	-0.05115	-0.03154	-0.01193	0.00768	0.02728	-0.11863	-0.09902	-0.08565	-0.09727	-0.09267	-0.07306	-0.05345	-0.03384	-0.01424	0.00537	0.00000	6	0.05785	1	10
L	DBA 1617	8.79	DBA 1617 P2 G4	0.00000	0.01961	-0.08786	-0.06826	-0.04865	-0.02904	-0.00943	0.01017	0.02978	0.04939	0.06900	0.08861	0.10821	0.12782	0.03397	0.05358	0.07319	0.09279	0.11240	0.11688	0.12136	0.14096	0.16057	0.18018	0.19979	0.21940	0.19361	0.21322	0.23283	0.25244	0.27205	0.29165	0.30975	0.32936	0.34746	0.36706	0.37759	0.03109	0.05070	-0.09308	-0.07348	-0.05387	-0.03426	-0.08424	-0.07976	-0.06016	-0.04055	-0.02094	-0.01646	-0.00442	0.01519	0.00000	6	0.07365	3	8
A	DBA 1617	10.00	DBA 1617 P3 G2	0.00000	-0.01815	0.00146	0.00488	0.02449	0.04410	0.02954	0.04914	0.06875	0.08836	0.10438	0.12399	0.13612	0.11582	0.13543	0.13076	0.08816	0.09967	0.11496	0.13187	0.14431	0.16391	0.18352	0.20313	0.22274	0.24235	0.23498	0.24380	0.21000	0.21748	0.23277	0.24158	0.24825	0.21931	0.23622	0.22345	0.24306	0.26267	0.28228	0.30189	0.30999	0.27296	0.29257	0.31218	0.33179	0.32846	0.31948	0.23660	0.20496	0.16469	0.08801	0.00000	5	0.11604	1	10
D	DBA 1617	10.00	DBA 1617 P3 G1	0.00000	-0.00814	0.01147	-0.02444	-0.00483	0.01478	-0.00725	0.01235	0.03196	0.05157	0.06425	0.02835	0.04795	0.06756	0.05941	0.07902	0.09863	0.11476	0.08580	0.09847	0.11808	0.06309	0.06362	0.08323	0.10284	0.11031	0.12470	0.14431	0.16392	0.18353	0.20314	0.19846	0.15180	0.15962	0.17923	0.19883	0.21150	0.23111	0.25072	0.26339	0.28299	0.30260	0.31701	0.21172	0.20448	0.17724	0.14481	0.08810	-0.00331	0.01629	0.03590	0.00000	4	0.06094	2	10
L	DBA 1819	9.73	DBA 1819 P2 GD	0.00000	0.01961	0.00892	0.02852	-0.00238	0.01723	0.03684	0.05644	0.03565	0.05526	0.07487	0.09448	0.11408	0.13369	0.15330	0.17291	0.19252	0.21212	0.15597	0.17558	0.14469	0.16429	0.02228	0.04189	-0.13042	-0.11081	-0.09121	-0.07160	-0.05199	-0.09299	-0.07338	-0.05883	-0.03922	-0.03476	-0.01515	-0.07636	-0.05675	-0.03714	-0.01753	0.00208	0.02168	0.02109	0.04070	-0.03565	-0.01604	0.00356	0.02317	0.02258	0.04219	0.02139	0.04100	0.00000	4	0.02185	3	9
L	DBA 1718	7.40	DBA 1718 P2 GA	0.00000	0.01961	-0.08054	-0.06094	-0.04133	-0.02172	-0.00211	0.01749	0.03710	0.05671	0.07632	0.09593	0.11553	0.00939	0.02900	0.01268	0.03229	0.05189	0.07150	0.09111	0.10473	0.08242	0.10203	0.10966	0.12927	0.07703	0.09663	0.11624	0.13585	0.15546	0.17507	0.19467	0.21428	0.05425	0.07386	0.09346	0.02325	0.04286	0.06247	0.03417	0.05377	-0.01644	0.00317	0.02278	0.04239	0.06199	-0.00223	0.01738	-0.01690	-0.03802	-0.01841	0.00000	5	0.01962	3	7
D	DBA 1920	9.32	DBA 1920 P2 GD	0.00000	0.01961	-0.08030	-0.06070	-0.04109	-0.02148	-0.02843	-0.00883	-0.00250	0.01711	0.03672	0.05633	0.07593	0.09554	0.11515	0.13476	0.09062	0.11022	0.08335	0.10296	0.02961	0.04921	-0.01750	0.00211	-0.01148	0.00813	-0.01211	0.00750	0.02711	0.04672	0.06633	0.08593	0.10554	0.12515	0.14476	0.16436	0.18397	0.20358	0.22319	0.14984	0.16944	0.16249	0.18210	0.20171	0.22132	0.08819	0.10780	0.07429	0.09390	0.11350	0.13311	0.00000	4	0.03347	2	9
D	DBA 1920	9.44	DBA 1920 P3 GM	0.00000	0.01961	-0.06713	-0.04753	-0.02792	-0.00831	0.01130	0.03090	0.05051	0.04354	0.06315	0.08276	0.10236	0.12197	0.14158	0.09472	0.11433	0.13393	0.15354	0.17315	0.19276	0.21236	-0.00067	0.01894	0.03855	0.05816	0.02791	0.04752	0.06713	0.08674	0.10635	0.12595	0.14556	0.16517	0.18478	0.20438	0.22399	0.24360	0.08874	0.10835	0.06148	0.08109	0.10070	0.12031	0.13992	0.15952	0.14457	0.06447	0.08408	0.09371	0.11332	0.00000	4	0.03887	2	9
A	DBA 1819	8.46	DBA 1819 P2 GE	0.00000	0.01961	-0.03234	-0.01274	0.00687	0.02648	0.04609	0.06569	0.08530	0.10491	0.12452	0.14413	0.16373	0.14757	0.16718	0.09734	0.11695	0.13655	0.15616	0.17577	0.19538	0.13448	0.15409	0.17370	0.19331	0.21292	0.23252	0.25213	0.27174	0.29135	0.31096	0.33056	0.35017	0.28033	0.29994	0.21221	0.05830	0.07791	0.02238	0.04199	0.06159	0.02753	0.04714	0.06675	0.06847	0.08807	0.10768	0.12729	0.10218	0.05917	0.07878	0.00000	4	0.07608	1	8
D	DBA 1314	7.40	DBA 1314 P3 G4	0.00000	0.00837	0.02798	0.04758	0.06719	0.08680	0.10641	0.12601	0.14562	0.16523	0.18484	0.20445	0.22405	0.24366	0.26327	0.28288	0.30249	0.27715	0.29676	0.31637	0.32474	0.34434	0.36395	0.36109	0.38070	0.40031	0.31879	0.31593	0.33554	0.35515	0.37476	0.39436	0.41397	0.43358	0.43071	0.45031	0.46992	0.44459	0.46420	0.48381	0.50341	0.36572	0.38533	0.40494	0.42455	0.42168	0.27275	0.15753	0.04230	0.02820	0.01410	0.00000	6	0.29056	2	7
A	DBA 1516	7.80	DBA 1516 P2 G1	0.00000	0.01961	-0.08336	-0.17692	-0.15731	-0.13770	-0.11809	-0.09849	-0.07888	-0.05927	-0.03966	-0.04174	-0.02214	-0.09729	-0.07768	-0.05807	-0.03846	-0.01886	0.00075	0.00904	0.02865	-0.03661	-0.01700	0.00261	-0.02493	-0.00532	0.01428	0.03389	0.05350	0.07311	0.04934	0.06894	-0.07363	-0.05402	-0.03441	-0.06385	-0.04424	-0.02463	-0.00502	0.01459	0.03419	0.05380	0.07341	0.09302	0.11263	-0.03750	-0.01789	0.00172	0.02133	0.04093	0.06054	0.00000	5	0.01228	1	7
D	DBA 1718	9.65	DBA 1718 P3 GE	0.00000	-0.03489	-0.01528	-0.03655	-0.01694	0.00267	0.02228	0.04188	0.06149	0.08110	0.02073	0.00968	0.02928	0.04889	0.06850	0.08811	0.10772	0.08032	0.09993	0.11954	0.13915	0.15875	0.17836	0.19797	0.10858	0.12819	0.14779	0.16740	0.18701	0.20662	0.22623	0.19133	0.21094	0.23055	0.21439	0.23059	0.25020	0.26981	0.28942	0.30903	0.32863	0.34824	0.32697	0.32478	0.34439	0.36399	0.31548	0.29489	0.27363	0.18423	0.14934	0.00000	4	0.11170	2	9
A	DBA 1314	8.80	DBA 1314 P2 G5	0.00000	0.01961	-0.10296	-0.08336	-0.06375	-0.04414	-0.02453	-0.00493	0.01468	0.03429	0.05390	0.07351	0.09311	0.11272	0.13233	0.15194	0.17155	0.19115	0.21076	-0.00660	0.01301	0.03261	0.05222	0.07183	0.09144	0.11105	0.13065	0.15026	0.16987	0.18948	0.20909	0.22869	0.24830	0.26791	0.28752	0.30712	0.04711	0.06672	0.08633	0.10594	0.12554	0.14515	0.16476	0.18437	0.20398	0.22358	0.24319	0.26280	0.28241	0.30201	0.32162	0.00000	6	0.07798	1	8
L	DBA 1314	9.40	DBA 1314 P3 G7	0.00000	-0.02387	-0.00426	0.01534	0.03495	0.05456	0.07417	0.09377	0.05541	0.07502	0.09463	0.11424	0.13384	0.15345	0.17306	-0.00298	0.01663	0.03623	0.05584	0.07545	0.09506	0.11466	0.13427	0.15388	0.17349	0.19310	0.21270	0.23231	0.25192	0.27153	0.29114	0.31074	0.33035	0.34996	0.36957	0.38917	0.40878	0.24723	0.26684	0.28645	0.30605	0.32566	0.34527	0.36488	0.00043	0.02003	0.03964	0.05925	0.07886	0.09846	0.11807	0.00000	6	0.11823	3	9
L	DBA 1920	9.04	DBA 1920 P3 GE	0.00000	0.01961	-0.01410	0.00550	0.02511	0.04472	0.06433	0.08393	0.10354	0.12315	0.13430	0.15391	0.15537	0.17498	0.15893	0.14831	0.16792	0.18147	0.20108	0.19047	0.21008	0.22968	0.24929	0.26890	0.24861	0.26822	0.28298	0.27962	0.29923	0.31280	0.33241	0.32903	0.32930	0.34891	0.34434	0.36394	0.36058	0.30885	0.32846	0.25981	0.27941	0.27484	0.29445	0.28384	0.30345	0.32305	0.30759	0.32720	0.29362	0.20078	0.22039	0.00000	4	0.17297	3	9
A	DBA 1314	7.60	DBA 1314 P3 G6	0.00000	-0.06739	-0.04778	-0.02818	-0.00857	0.01104	0.03065	0.05025	0.03120	0.05081	0.07042	0.09003	0.10963	0.12924	0.14885	0.09112	0.11073	0.13033	0.14994	0.16955	0.16983	0.18943	0.20904	0.22865	0.24826	0.26787	0.28747	0.30708	0.32669	0.34630	0.36591	0.38551	0.40512	0.42473	0.44434	0.24161	0.26122	0.28083	0.30044	0.32005	0.33965	0.35926	0.18554	0.20515	0.22476	0.24436	0.26397	0.28358	0.30319	0.17054	-0.00028	0.00000	6	0.15941	1	7
D	DBA 1718	7.88	DBA 1718 P3 GD	0.00000	0.00427	0.02388	0.04348	0.06309	0.08270	0.10231	0.12191	0.14152	0.09978	0.11939	0.13900	0.15860	0.17821	0.19782	0.21743	0.17569	0.17075	0.19036	0.20997	0.22958	0.24918	0.26879	0.23932	0.25893	0.27854	0.29814	0.31775	0.33736	0.35697	0.33977	0.34404	0.36365	0.38326	0.40287	0.42247	0.44208	0.46169	0.48130	0.38588	0.32879	0.34840	0.36801	0.38762	0.35201	0.32560	0.32681	0.34642	0.32001	0.20771	0.07548	0.00000	5	0.22692	2	7
D	DBA 1314	7.48	DBA 1314 P3 G8	0.00000	-0.00938	0.01023	0.02983	0.04944	0.03041	0.05002	0.06962	-0.02671	-0.00710	0.01251	0.03212	0.05172	0.07133	0.09094	0.11055	0.13016	0.14976	0.16937	0.18898	0.20859	0.22819	0.24780	0.26741	0.28702	0.30663	0.32623	0.34584	0.36545	0.38506	0.40467	0.42427	0.44388	0.46349	0.48310	0.50270	0.52231	0.48394	0.50355	0.52316	0.54276	0.56237	0.58198	0.60159	0.62120	0.55385	0.57346	0.59307	0.61268	0.63228	0.35237	0.00000	6	0.39527	2	7
L	DBA 1920	7.50	DBA 1920 P3 GC	0.00000	0.01961	-0.03221	-0.01261	0.00700	-0.00400	0.01561	0.03521	0.05482	0.07443	0.09404	0.11365	0.13325	0.15286	0.01941	-0.00180	0.01781	0.03741	0.05702	0.07663	0.09624	0.11584	0.13545	0.15506	0.15426	0.17387	0.09143	0.08043	0.10004	0.11965	0.13926	0.15886	0.17847	0.19808	0.21769	0.23729	0.25690	0.23569	0.25530	0.27491	0.29451	0.23249	0.25210	0.27171	0.24030	0.25990	0.27951	0.29912	0.10445	0.02200	0.04161	0.00000	4	0.07484	3	7
L	DBA 1516	7.60	DBA 1516 P3 G2	0.00000	-0.02425	-0.00464	0.01496	0.03092	0.04687	0.05186	0.06269	0.08230	0.05439	0.07400	0.09361	0.11321	0.10358	0.10675	0.11905	0.03997	0.05226	0.06456	0.08417	0.10378	0.10145	0.12106	0.14067	0.16028	0.17989	0.19949	0.20083	0.22044	0.19984	0.21945	0.23905	0.25866	0.27096	0.29057	0.29921	0.30785	0.32746	0.33976	0.35937	0.37897	0.38031	0.39992	0.41953	0.43914	0.41488	0.32886	0.28889	0.30119	0.24404	0.17228	0.00000	5	0.14902	3	7
L	DBA 1617	10.00	DBA 1617 P2 G1	0.00000	0.01961	-0.12880	-0.10920	-0.08959	-0.08157	-0.06196	-0.05684	-0.03723	-0.01762	0.00199	0.02160	0.00354	0.02315	-0.01518	-0.02164	-0.00203	-0.00271	0.01690	0.01913	0.02136	0.04096	0.03160	0.05121	0.07082	0.09043	0.05209	0.07170	0.09131	0.11092	0.13053	0.14144	0.15120	0.17081	0.14697	0.16657	0.05293	-0.01089	0.00872	-0.02672	-0.00712	0.00091	0.02052	-0.01202	0.00759	0.02719	-0.01403	0.00558	-0.02985	-0.01025	0.00936	0.00000	6	0.01411	3	10
L	DBA 1516	9.70	DBA 1516 P3 G8	0.00000	-0.03234	-0.01273	0.00038	0.01999	0.03960	0.05921	0.07881	0.09842	0.11803	0.05972	0.07933	0.09893	0.09256	0.11217	0.13178	0.08646	0.10606	0.12567	0.14528	0.16489	0.15851	0.17812	0.19773	0.19137	-0.00980	-0.02267	-0.00306	0.01655	0.03616	0.05577	-0.09995	-0.08034	-0.09320	-0.08658	-0.06698	-0.04737	-0.02776	-0.11204	-0.09243	-0.07283	-0.05322	-0.03361	-0.01400	0.00561	0.02521	0.04482	0.03845	0.01910	0.03870	-0.00662	0.00000	5	0.02240	3	9
L	DBA 1314	9.13	DBA 1314 P3 G3	0.00000	-0.05407	-0.03446	-0.01486	-0.03736	-0.01775	0.00186	0.02146	0.04107	0.06068	0.08029	0.09990	0.09318	0.11279	0.13240	0.15201	0.17162	0.19122	0.21083	0.23044	0.25005	0.26965	0.28926	0.30887	0.32848	0.34809	0.36769	0.38730	0.40691	0.42652	0.44613	0.46573	0.48534	0.50495	0.52456	0.49153	0.51114	0.47812	0.44510	0.46471	0.48431	0.50392	0.52353	0.49051	0.46801	0.34551	0.36512	0.35841	0.30434	0.32394	0.26986	0.00000	5	0.32170	3	9
D	DBA 1819	9.25	DBA 1819 P3 GF	0.00000	0.01961	0.02291	0.04251	0.06212	0.08173	0.10134	0.12094	0.14055	0.16016	0.17977	0.19938	0.21898	0.16521	0.18482	0.20443	0.22404	0.24364	0.19803	0.21764	0.23725	0.25685	0.27646	0.29607	0.26839	0.28800	0.30760	0.32721	0.34682	0.36643	0.31877	0.33837	0.35798	0.37759	0.39720	0.39561	0.41522	0.43483	0.45444	0.47405	0.43657	0.20343	0.22304	0.20392	0.22353	0.15345	0.04260	0.06221	0.00844	0.02804	0.04765	0.00000	4	0.19425	2	9
A	DBA 1516	9.20	DBA 1516 P2 G6	0.00000	-0.07256	-0.07928	-0.05968	-0.06640	-0.04679	-0.02718	-0.00758	0.01203	0.03164	0.05125	-0.05554	-0.03594	-0.01633	0.00328	0.02289	0.04250	0.06210	0.08171	0.10132	0.12093	0.12078	0.14039	0.16000	0.15328	0.17289	0.19249	0.21210	0.23171	0.24802	0.22023	0.13516	0.02771	0.04732	0.06693	0.08653	0.05348	0.03359	0.05320	0.07281	0.06739	0.04092	0.05394	0.07355	0.08658	0.04693	0.05996	0.05324	0.07285	0.09245	0.07256	0.00000	6	0.02987	1	9
L	DBA 1415	10.00	DBA 1415 P2 G10	0.00000	0.00971	0.02932	0.04892	0.05863	0.02873	0.04834	0.06794	-0.08076	-0.10076	-0.08115	-0.06154	-0.04194	-0.04213	-0.04232	-0.02271	-0.00310	-0.07261	-0.05300	-0.03339	-0.01378	0.00582	-0.01417	-0.04407	-0.02446	-0.00485	-0.12386	-0.12406	-0.14405	-0.12444	-0.10483	-0.08523	-0.06562	-0.04601	-0.08581	-0.06621	-0.04660	-0.04679	-0.02718	-0.00757	0.01203	0.03164	0.05125	0.07086	0.09047	0.01106	0.03067	0.00078	-0.01922	0.00038	0.00019	0.00000	6	0.01066	3	10
L	DBA 1920	9.20	DBA 1920 P2 GM	0.00000	0.01961	0.01587	-0.04042	-0.02081	-0.11796	-0.09835	-0.11085	-0.09124	-0.07163	-0.05202	-0.03241	-0.08287	-0.06326	-0.04365	-0.07074	-0.09783	-0.07823	-0.05862	-0.03901	-0.01940	0.00020	0.01981	-0.10068	-0.08107	-0.06146	-0.06521	-0.04560	-0.07270	-0.05309	-0.03348	-0.01388	0.00573	0.02534	0.04495	-0.16895	-0.14934	-0.12973	-0.11012	-0.09752	-0.07792	-0.05831	-0.03870	-0.01909	0.00052	0.02012	-0.06301	-0.04340	-0.02379	-0.00419	0.01542	0.00000	4	0.01381	3	9
L	DBA 1314	7.20	DBA 1314 P2 G6	0.00000	0.01961	-0.11683	-0.09723	-0.07762	-0.05801	-0.03840	-0.01880	0.00081	0.02042	0.04003	0.05964	-0.12232	-0.10271	-0.23914	-0.21953	-0.29095	-0.27135	-0.25174	-0.39468	-0.37507	-0.35547	-0.33586	-0.31625	-0.29664	-0.27703	-0.25743	-0.23782	-0.21821	-0.19860	-0.17899	-0.15939	-0.13978	-0.12017	-0.10056	-0.21750	-0.19789	-0.17828	-0.15867	-0.13906	-0.11946	-0.09985	-0.08024	-0.06063	-0.04102	-0.02142	-0.00181	0.01780	0.03741	0.05701	0.07662	0.00000	6	0.09797	3	7
L	DBA 1819	8.91	DBA 1819 P2 GC	0.00000	0.01961	0.00051	0.02011	0.03972	0.05933	0.07894	0.09854	0.11815	0.13776	0.03561	0.05522	0.07482	0.02590	0.01454	0.03415	0.05376	0.07336	0.09297	0.11258	0.13219	0.14018	0.12785	0.14746	0.13881	0.15842	0.15866	0.14613	0.16574	0.14064	0.12153	0.14113	0.11661	0.07447	0.09408	-0.04989	-0.03028	-0.01415	-0.00422	0.01539	-0.03818	-0.04529	-0.02568	-0.00607	0.01354	0.03314	0.01404	0.03365	0.00157	-0.02470	-0.00509	0.00000	4	0.02192	3	8
A	DBA 1718	9.26	DBA 1718 P3 GA	0.00000	-0.00625	0.01336	0.03296	0.01810	0.03771	0.05732	0.07692	0.09653	0.10752	0.10558	0.12519	0.14479	0.14285	0.16246	0.14759	0.10687	0.12647	0.09005	0.10966	0.12927	0.10224	0.12185	0.14146	0.16107	0.10656	0.09160	0.11121	0.09634	0.02545	0.04506	0.06466	0.08427	0.10388	0.12349	0.14309	0.16270	0.13059	0.15020	0.16981	0.18941	0.12283	0.14244	0.11895	0.13856	0.10645	0.09158	0.09826	0.09202	0.07714	-0.01099	0.00000	5	0.03601	1	9
L	DBA 1314	8.80	DBA 1314 P2 G1	0.00000	0.01961	-0.06409	-0.04449	-0.02488	-0.00527	0.01434	0.03394	0.05355	0.07316	0.09277	0.11238	0.04934	0.06895	0.08856	0.10817	0.12778	0.14738	0.16699	0.08329	0.10290	0.12250	0.06636	-0.01045	0.00916	0.02739	0.04699	0.06660	0.08621	0.06450	0.08411	0.10371	0.08200	0.10161	-0.01653	0.00307	0.02268	0.04229	0.06190	0.08151	0.10111	0.12072	0.05769	-0.01912	0.00049	0.02009	0.02593	0.04554	0.06515	0.04342	0.06303	0.00000	6	0.01579	3	8
L	DBA 1920	6.26	DBA 1920 P3 GL	0.00000	0.01961	-0.05491	-0.03531	-0.01570	0.00391	0.02352	0.04312	0.06273	0.08234	0.10195	0.12156	0.14116	0.16077	0.13556	0.15517	0.17478	0.19438	0.21399	0.23360	0.25321	0.21902	0.23863	0.24031	0.25992	0.27953	0.26327	0.28288	0.26664	0.28625	0.30586	0.32546	0.33610	0.29744	0.31705	0.32320	0.34281	0.34898	0.36859	0.28959	0.22402	0.24363	0.24352	0.26313	0.24688	0.26648	0.19107	0.15017	0.16978	0.02801	0.04762	0.00000	5	0.14288	3	5
L	DBA 1516	5.00	DBA 1516 P3 G6	0.00000	-0.01106	-0.00577	0.00361	0.02322	0.04283	0.06244	0.08204	0.10165	0.08036	0.03862	0.02142	0.03284	0.04018	-0.00974	-0.01876	0.00085	-0.01636	-0.01720	0.00241	0.02202	0.04162	0.06123	0.08084	0.10045	0.12006	0.13966	0.15927	0.17888	0.19849	0.21810	0.23770	0.25731	0.26874	0.23927	0.24251	0.26212	0.28173	0.30134	0.30459	0.32419	0.32744	0.34705	0.36666	0.32083	0.31589	0.24552	0.22423	0.24384	0.23481	0.04583	0.00000	6	0.10148	3	5
L	DBA 1718	9.22	DBA 1718 P2 GG	0.00000	0.01961	-0.07022	-0.05062	-0.12315	-0.10354	-0.08393	-0.06433	-0.04472	-0.02511	-0.00550	0.01411	0.03371	0.05332	0.07293	0.09254	0.03378	0.05338	0.04394	0.06355	0.08316	0.08925	0.10886	0.12334	0.14295	0.11076	0.12468	0.14429	0.05244	0.07205	0.05964	0.07924	0.09885	0.08468	0.10429	0.11268	0.13229	0.14176	0.16137	0.15396	0.08912	0.10873	0.08807	0.10768	0.12729	0.14689	0.13948	0.09356	0.11317	-0.00679	0.01282	0.00000	5	0.02573	3	9
D	DBA 1920	8.42	DBA 1920 P2 GH	0.00000	0.01961	-0.18805	-0.16845	-0.14884	-0.22168	-0.20207	-0.18247	-0.25916	-0.23955	-0.21994	-0.20033	-0.18073	-0.16112	-0.14151	-0.12190	-0.12541	-0.10581	-0.08620	-0.06659	-0.04698	-0.02738	-0.02318	-0.00357	-0.00168	0.01793	0.01442	0.03403	0.05364	0.07325	0.02353	0.04313	0.06274	0.02842	0.04803	-0.00942	0.01019	0.02980	0.04941	0.06902	0.08862	0.10823	0.12784	0.14745	0.16706	0.18666	0.20627	0.22588	0.18771	0.12642	0.14603	0.00000	5	0.04985	2	8
L	DBA 1415	7.40	DBA 1415 P3 G4	0.00000	0.00572	0.02533	0.04493	0.00899	0.02860	0.04821	0.06781	0.05964	0.07925	0.07108	0.09069	0.06862	0.08823	0.10784	0.07190	0.09151	0.02777	0.00572	0.02533	0.04494	0.02287	-0.04085	-0.06291	-0.08497	-0.06536	-0.08742	-0.06781	-0.04820	-0.02859	-0.00898	0.01062	0.03023	0.04984	0.05556	0.07516	0.06699	0.08660	0.10621	0.11193	0.13153	0.15114	0.14297	0.16258	0.18219	0.20179	0.22140	0.24101	0.16340	0.09967	0.07761	0.00000	5	0.02666	3	7
D	DBA 1819	9.30	DBA 1819 P2 GG	0.00000	0.01961	0.03922	-0.01961	0.00000	0.01961	-0.04392	-0.02432	-0.00471	0.01490	0.03451	0.03844	0.05804	0.07765	0.05020	0.06981	0.08942	0.08549	0.10510	0.12471	0.13647	0.15607	0.17568	0.19529	0.21490	0.23451	0.25411	0.27372	0.21333	0.23294	0.25255	0.19372	0.21333	0.23294	0.15687	0.17647	0.19608	0.21569	0.23530	0.25491	0.11764	0.13725	0.15686	0.08236	0.10197	0.07451	0.09412	0.11373	0.01961	0.03921	0.05882	0.03137	3	0.06225	2	9
A	DBA 1516	7.10	DBA 1516 P3 G7	0.00000	-0.05446	-0.03485	-0.01525	0.00436	0.02397	0.04358	0.06318	0.08279	-0.00872	0.01089	0.03050	0.05010	0.06971	0.08932	0.10893	0.12854	0.05092	0.07053	0.09014	0.10975	0.12935	0.14896	0.16857	0.18818	0.20779	0.22739	0.24700	0.26661	0.28622	0.30583	0.32543	0.34504	0.36465	0.38426	0.40386	0.42347	0.44308	0.46269	0.48230	0.37922	0.39883	0.41381	0.43342	0.44377	0.44254	0.46215	0.43546	0.28840	0.29411	0.19335	0.00000	6	0.21433	1	7
L	DBA 1819	7.83	DBA 1819 P3 GH	0.00000	0.01961	-0.05785	-0.03825	-0.01864	-0.08279	-0.06318	-0.04358	-0.04644	-0.02683	-0.03091	-0.03194	-0.01234	0.00727	0.02688	0.04649	0.05081	0.07041	0.09002	0.10963	0.12924	0.13967	0.15928	0.17889	0.19850	0.21811	0.21325	0.20841	0.22802	0.23234	0.23819	0.25779	0.18844	0.19276	0.21237	0.20905	0.22866	0.21005	0.16087	0.18048	0.15423	0.15091	0.17052	0.12899	0.14860	0.13380	0.13048	0.15009	0.12002	0.01275	0.03236	0.00000	4	0.06035	3	7
A	DBA 1516	8.80	DBA 1516 P2 G4	0.00000	-0.09397	-0.07436	-0.11155	-0.09194	-0.07233	-0.05272	-0.03312	-0.01351	-0.03176	-0.05002	-0.03041	-0.01081	-0.07638	-0.05677	-0.03716	-0.01755	0.00205	0.02166	0.04127	-0.06217	-0.04257	-0.02296	-0.05541	-0.03580	-0.03891	-0.01931	0.00030	-0.00375	-0.02673	-0.00712	0.01248	0.03209	0.05170	-0.00205	0.01755	0.03716	0.05677	0.07638	0.09599	0.11559	0.13520	0.13588	0.15549	0.17510	0.19470	0.21431	0.19606	0.21567	0.23527	0.18389	0.00000	6	0.02639	1	8
L	DBA 1617	8.68	DBA 1617 P3 G6	0.00000	-0.02962	-0.01001	0.00959	0.00731	0.02692	0.04653	0.06613	0.08574	0.10535	0.12496	0.14457	0.06352	0.08313	0.10274	0.12235	0.05005	0.06965	0.08926	0.10887	0.12848	0.14590	0.16551	0.18512	0.20144	0.22105	0.24065	0.26026	0.21423	0.23384	0.25345	0.27305	0.29266	0.31227	0.33188	0.35148	0.37109	0.39070	0.41031	0.42992	0.34011	0.35972	0.37933	0.39894	0.41855	0.31561	0.33522	0.35483	0.37444	0.37653	0.34363	0.00000	5	0.18297	3	8
D	DBA 1617	8.64	DBA 1617 P3 G8	0.00000	-0.01650	0.00311	0.02271	0.04232	0.06193	0.08154	0.09836	0.08464	0.10425	0.12386	0.14347	0.16307	0.14657	0.14118	0.14968	0.13873	0.14444	0.14738	0.15588	0.13660	0.10065	0.09248	0.11209	0.10392	0.11242	0.10980	0.10719	0.10458	0.11307	0.13268	0.15228	0.17189	0.19150	0.20000	0.21405	0.21699	0.22827	0.23677	0.25638	0.27598	0.29559	0.28742	0.29036	0.28775	0.30735	0.32696	0.31046	0.23285	0.09134	-0.01128	0.00000	6	0.08920	2	8
A	DBA 1920	8.50	DBA 1920 P3 GI	0.00000	0.01961	0.03166	-0.02439	-0.00478	0.01483	0.03444	0.05404	0.07365	0.09326	0.10908	0.12869	0.11554	0.13515	0.12087	0.07217	0.09178	0.11138	0.13099	0.15060	0.15818	0.17778	0.13218	0.15179	0.13547	0.15508	0.16333	0.06205	0.08166	0.10127	0.12088	0.13859	0.12416	0.14377	0.16149	0.18109	0.14154	0.14231	0.16192	0.10717	0.12677	0.08965	0.10926	0.10995	0.10309	0.12269	0.05409	0.07370	0.03029	-0.01138	0.00823	0.00000	5	0.03645	1	8
A	DBA 1415	9.20	DBA 1415 P3 G7	0.00000	-0.04225	-0.02264	-0.00304	-0.03841	-0.10127	-0.13665	-0.11705	-0.11118	-0.11219	-0.09258	-0.07297	-0.05337	-0.06125	-0.04164	-0.05502	-0.07665	-0.05705	-0.10617	-0.11955	-0.09994	-0.08034	-0.06073	-0.04112	-0.02151	-0.00190	0.00396	0.00157	0.02118	0.01330	0.03291	0.03189	0.05150	0.05050	0.03437	0.01411	-0.02814	-0.00853	-0.01641	-0.03254	-0.02669	-0.02082	-0.04382	-0.02421	-0.03553	-0.01593	-0.01007	-0.00420	-0.02446	-0.01310	-0.00312	0.00000	6	0.00978	1	9
L	DBA 1718	9.26	DBA 1718 P3 GG	0.00000	-0.05265	-0.03304	-0.01344	0.00388	0.02349	0.04310	0.06270	0.08231	0.10192	0.12153	0.14114	0.16074	0.15741	0.15660	0.09833	0.11794	0.13754	0.15715	0.17676	0.19637	0.21597	0.19188	0.21149	0.21413	0.23374	0.24003	0.25872	0.25700	0.27661	0.29622	0.31582	0.33543	0.35504	0.36318	0.32750	0.34711	0.36672	0.38633	0.34343	0.34009	0.26817	0.21342	0.22730	0.20103	0.22063	0.24024	0.25985	0.22842	0.13569	0.06068	0.00000	5	0.14460	3	9
A	DBA 1920	10.00	DBA 1920 P3 GD	0.00000	0.01961	0.00037	0.01997	0.03958	0.05919	0.07880	0.09840	0.11801	0.13762	0.15723	0.17684	0.19644	0.10920	0.12881	0.14842	0.16803	0.18763	0.20724	0.22685	0.22703	0.21749	0.23710	0.25671	0.27632	0.29593	0.31553	0.33514	0.35475	0.37436	0.36483	0.38443	0.40404	0.30709	0.32670	0.29773	0.22506	0.24467	0.26428	0.28389	0.30349	0.32310	0.34271	0.09035	-0.03574	-0.01614	0.00347	0.02308	-0.00588	0.01372	0.03333	0.00000	4	0.14515	1	10
A	DBA 1920	7.39	DBA 1920 P2 GC	0.00000	0.01961	-0.05629	-0.08163	-0.06202	-0.04241	-0.02280	-0.00320	0.01641	0.01355	0.03316	0.05277	-0.09617	-0.07656	-0.05695	-0.03734	-0.01773	0.00187	0.02148	0.04109	0.00452	0.02412	0.03249	-0.03778	-0.01817	-0.06598	-0.04638	-0.02677	-0.01278	-0.02688	-0.00727	0.00110	-0.02424	-0.00463	-0.10861	-0.08901	-0.07502	-0.05541	-0.03580	-0.01619	-0.00782	0.01179	0.01454	-0.03326	-0.01365	-0.02776	-0.00815	0.01146	0.03107	0.05067	0.07028	0.00000	4	0.00550	1	7
D	DBA 1516	9.00	DBA 1516 P3 G5	0.00000	-0.06586	-0.04625	-0.02665	-0.00704	0.01257	0.01509	0.03469	0.05430	0.02262	0.04223	0.06184	0.08144	0.10105	0.12066	0.14027	0.15134	0.07692	0.09653	0.11614	0.13575	0.15535	0.16641	0.18602	0.20563	0.22524	0.24484	0.24736	0.26697	0.25239	0.27200	0.29160	0.31121	0.33082	0.35043	0.37003	0.38964	0.40925	0.39467	0.41428	0.36551	0.38512	0.40473	0.42434	0.43540	0.38662	0.40623	0.42584	0.35998	0.24283	0.07441	0.00000	6	0.19148	2	9
A	DBA 1516	9.60	DBA 1516 P2 G8	0.00000	0.01961	-0.05729	-0.03769	-0.01808	-0.01456	0.00505	0.02465	0.04426	-0.01120	0.00841	0.00657	-0.09447	-0.07486	-0.07670	-0.12679	-0.10718	-0.08758	-0.06797	-0.08590	-0.48988	-0.47028	-0.47212	-0.46323	-0.44362	-0.42401	-0.41513	-0.39552	-0.37591	-0.35630	-0.33669	-0.31709	-0.29748	-0.27787	-0.25826	-0.23866	-0.21905	-0.22089	-0.20128	-0.18167	-0.16207	-0.14246	-0.12285	-0.10324	-0.08363	-0.10693	-0.08732	-0.06771	-0.04810	-0.02850	-0.00889	0.00000	5	0.15586	1	9
L	DBA 1718	8.24	DBA 1718 P3 GB	0.00000	-0.02997	-0.04087	-0.02127	-0.03217	-0.01256	-0.00821	-0.01912	0.00049	0.00866	-0.00987	-0.02077	-0.00117	-0.01283	0.00678	0.02639	0.04600	0.06560	0.06232	0.03617	0.05578	0.07538	0.09499	0.11460	0.13421	0.15382	0.17342	0.19303	0.13636	0.15597	0.17558	0.19518	0.21479	0.23440	0.23875	0.25835	0.22075	0.24036	0.25997	0.27958	0.29918	0.31879	0.33840	0.28174	0.30135	0.05779	0.07740	0.05124	0.07085	0.09045	0.03378	0.00000	5	0.07135	3	8
A	DBA 1718	7.89	DBA 1718 P3 GC	0.00000	-0.00663	0.01298	0.03258	0.05219	0.07180	0.09141	0.11101	0.13062	0.14771	0.16732	0.18693	0.20653	0.22614	0.22556	0.24517	0.24056	0.26016	0.26312	0.26759	0.28720	0.30680	0.23811	0.17850	0.16037	0.17998	0.19958	0.21919	0.20650	0.22611	0.15510	0.17470	0.17917	0.19878	0.21839	0.23799	0.25760	0.27721	0.29682	0.31643	0.31080	0.31225	0.32681	0.26569	0.28530	0.22315	0.21249	0.20697	0.14604	0.11519	0.04599	0.00000	5	0.13124	1	7
L	DBA 1617	9.10	DBA 1617 P3 G5	0.00000	-0.01076	-0.08227	-0.06267	-0.04306	-0.02345	-0.07218	-0.08295	-0.13167	-0.11206	-0.09245	-0.07284	-0.05324	-0.07160	-0.15450	-0.13489	-0.14185	-0.12225	-0.10264	-0.08303	-0.07861	-0.05901	-0.03940	-0.01979	-0.00018	0.01943	0.03903	0.05864	0.07825	0.08268	0.10229	0.12189	0.14150	0.16111	0.18072	0.20032	0.15159	0.16361	0.18322	0.20283	0.19205	0.16231	0.13636	0.13319	0.14521	0.14962	0.11608	0.13569	0.09456	0.09518	0.04113	0.00000	6	0.03797	3	9
A	DBA 1617	7.48	DBA 1617 P2 G10	0.00000	-0.00660	0.01301	-0.04600	-0.02639	-0.00678	0.01283	0.03243	0.05204	0.07165	0.09126	0.11087	0.13047	0.06622	0.08583	0.09627	0.07067	0.07717	0.09678	0.11639	0.12093	0.14053	0.16014	0.14018	0.15979	0.17940	0.19900	0.21861	0.23822	0.24473	0.26434	0.20663	0.22624	0.24585	0.26546	0.25886	0.25226	0.27187	0.26528	0.20103	0.22063	0.20748	0.17468	0.19429	0.14839	0.03303	0.05264	0.04605	0.03945	0.05905	0.04590	0.00000	4	0.07149	1	7
L	DBA 1516	9.12	DBA 1516 P2 G9	0.00000	0.01961	-0.13123	-0.13436	-0.11475	-0.14060	-0.12099	-0.10139	-0.08178	-0.06217	-0.04256	-0.06840	-0.09426	-0.07465	-0.05504	-0.14906	-0.12945	-0.10985	-0.09024	-0.07063	-0.05102	-0.05415	-0.03454	-0.16266	-0.14305	-0.12344	-0.13793	-0.11832	-0.09871	-0.07910	-0.05949	-0.03989	-0.02028	-0.00067	0.01894	0.03854	-0.07821	-0.05860	-0.03899	-0.01938	0.00022	0.01983	0.03944	0.05905	0.07866	0.09826	0.11787	0.10339	0.05482	0.07442	0.09403	0.00000	3	0.02241	3	9
L	DBA 1415	8.20	DBA 1415 P3 G10	0.00000	0.00897	0.02858	0.02691	0.04652	0.06613	0.08574	0.10534	0.10367	0.08073	0.10034	0.08803	0.10763	0.12724	0.14685	0.16646	0.18607	0.20567	0.22528	0.24489	0.26450	0.28410	0.30371	0.32332	0.34293	0.36254	0.38214	0.40175	0.42136	0.44097	0.46058	0.48018	0.49979	0.51940	0.53901	0.50542	0.52503	0.54464	0.56425	0.57322	0.59282	0.26137	0.19587	0.21548	0.21381	0.23341	0.22111	0.24072	0.19650	0.17355	0.04422	0.00000	5	0.29206	3	8
L	DBA 1718	7.56	DBA 1718 P2 GB	0.00000	0.01961	0.02449	0.04409	0.06370	0.06858	0.05138	0.07098	0.00958	0.02919	0.04880	0.06841	0.08801	0.10762	0.12723	0.11739	0.13700	0.13451	0.12466	0.14427	0.14179	0.11721	0.13682	0.10488	0.04496	0.06457	0.08417	0.04487	0.06448	-0.01900	-0.08775	-0.06815	-0.04854	-0.08048	-0.06087	-0.11491	-0.09530	-0.07569	-0.05608	-0.05120	-0.03160	-0.04144	-0.09547	-0.07586	-0.11516	-0.09556	-0.07595	-0.05634	-0.03673	-0.01713	0.00248	0.00000	5	0.01957	3	7
L	DBA 1819	8.95	DBA 1819 P3 GE	0.00000	0.01961	-0.07926	-0.13018	-0.11057	-0.09096	-0.07135	-0.05175	-0.03919	-0.01958	-0.01408	0.00553	0.01808	-0.01872	0.00089	-0.00066	0.01895	0.03855	0.05816	0.07777	0.09738	0.11698	0.13659	0.15620	0.17581	0.16721	0.15860	0.17821	0.14140	0.16101	0.15947	0.17907	0.19868	0.13366	0.15327	0.09530	-0.01203	0.00758	0.02719	0.04680	0.06640	0.05780	0.07741	0.06176	0.05316	0.07276	0.02890	0.04851	-0.01651	-0.02512	-0.00551	0.00000	4	0.02709	3	8
A	DBA 1819	5.51	DBA 1819 P3 GI	0.00000	0.01961	-0.16260	-0.26409	-0.24448	-0.22487	-0.20526	-0.18566	-0.16605	-0.14644	-0.12683	-0.10722	-0.08762	-0.06801	-0.04840	-0.07419	-0.05458	-0.03498	-0.01537	0.00424	0.02385	0.04345	0.06306	0.08267	0.10228	0.12189	0.10516	0.12477	0.14438	0.16399	0.10287	0.12247	0.14208	0.16169	0.18130	0.20090	0.22051	0.24012	0.23955	0.25916	0.27876	0.25801	0.27762	0.29723	0.19575	0.21535	0.15423	0.17384	0.15309	0.04151	0.06112	0.00000	3	0.07718	1	5
A	DBA 1617	8.01	DBA 1617 P3 G4	0.00000	-0.06012	-0.04051	-0.02091	-0.00130	0.01498	0.03459	0.05419	0.01400	0.03361	0.04658	0.06619	0.08579	0.06553	0.08514	0.10475	0.12436	0.14396	0.15028	0.14331	0.15728	0.12704	0.14665	0.15962	0.05298	0.07259	0.09219	0.05200	-0.07224	-0.17556	-0.15595	-0.13635	-0.11674	-0.09713	-0.07752	-0.05792	-0.03831	-0.01870	0.00091	0.02052	0.04012	0.05973	0.03948	0.05909	0.07870	0.09830	0.07804	0.05778	0.07075	0.07041	0.06012	0.00000	6	0.02268	1	8
L	DBA 1819	8.14	DBA 1819 P2 GF	0.00000	0.01961	-0.07479	-0.05519	-0.06817	-0.04856	-0.02895	-0.00935	-0.08071	-0.06110	-0.04149	-0.02188	-0.00228	0.01733	0.03694	0.05655	-0.01253	0.00707	0.02668	0.04629	0.06590	0.08550	0.09374	0.11335	0.10719	0.12680	0.14640	0.12053	0.14014	0.11426	0.13387	0.06630	0.08591	0.10552	0.12513	0.14473	0.16434	0.18395	0.20356	0.03366	0.05326	0.07287	0.09248	0.03629	0.05590	0.00364	0.02325	0.00495	0.02456	0.01384	0.03345	0.00000	4	0.02121	3	8
L	DBA 1920	8.10	DBA 1920 P2 GK	0.00000	0.01961	0.00539	0.02499	0.04460	0.06421	0.08382	0.10342	0.10894	0.12855	0.10588	0.12549	0.14509	0.16470	0.18431	0.20392	0.18829	0.20789	0.22750	0.24711	0.26672	0.20457	0.22418	0.24379	0.26340	0.28301	0.27442	0.26303	0.28264	0.22614	0.23165	0.25125	0.24972	0.22775	0.24736	0.26696	0.28657	0.29209	0.28351	0.30312	0.25365	0.20984	0.22945	0.19268	0.21229	0.15155	0.13029	0.14990	0.10890	0.03830	0.05791	0.00000	4	0.11818	3	8
L	DBA 1314	8.60	DBA 1314 P2 G7	0.00000	0.01961	-0.07189	-0.05229	-0.03268	-0.01307	0.00654	0.02614	0.04575	0.06536	0.08497	0.10458	0.12418	0.14379	0.16340	0.18301	0.20262	0.22222	0.24183	0.01699	0.03660	0.05620	0.07581	0.09542	0.11503	0.13464	0.15424	0.17385	0.19346	0.21307	0.23268	0.25228	0.27189	0.29150	0.31111	0.01960	0.03921	0.05882	0.07843	0.09804	0.11764	0.13725	0.15686	0.17647	0.19608	0.21568	0.23529	0.25490	0.27451	0.29411	0.31372	0.00000	6	0.08092	3	8
L	DBA 1617	4.67	DBA 1617 P3 G7	0.00000	-0.04229	-0.02268	-0.00888	0.01073	0.03034	0.04995	0.06955	0.06015	0.07976	0.09937	0.11898	0.10956	0.11950	0.12219	0.04847	0.06808	0.08768	0.10729	0.12690	0.08558	0.10325	0.12286	0.11346	0.13307	0.15268	0.17228	0.19189	0.21150	0.21176	0.23137	0.25097	0.27058	0.29019	0.30980	0.32940	0.34901	0.36862	0.38823	0.38367	0.40327	0.33583	0.35544	0.37505	0.39466	0.41426	0.34683	0.32776	0.31836	0.07683	0.09644	0.00000	6	0.14965	3	0
L	DBA 1819	7.61	DBA 1819 P3 GJ	0.00000	0.01961	-0.02360	-0.00400	0.01561	0.03522	0.05483	0.07443	0.09404	0.06561	0.06304	0.08265	0.10225	0.12186	-0.00635	-0.00152	0.01809	0.03769	0.05730	0.05474	0.05217	0.07177	0.09138	0.11099	0.13060	0.15021	0.07373	0.09334	0.11295	0.12517	0.14478	0.13851	0.12486	0.14447	0.16408	0.18368	0.14417	0.07878	0.09839	0.09952	0.11912	0.12395	0.14356	0.09665	0.09778	0.11738	0.13699	0.15660	0.16882	0.08938	0.10899	0.00000	4	0.03070	3	7
L	DBA 1415	9.00	DBA 1415 P2 G8	0.00000	0.01961	-0.02302	-0.00342	0.01619	0.03580	0.05541	-0.01835	0.00126	0.00531	0.01247	0.03208	0.04338	0.06299	0.05148	0.03997	0.05958	0.03769	0.05730	0.01985	-0.01759	0.00201	0.02162	0.04123	-0.03045	-0.01084	-0.04103	-0.07329	-0.05368	-0.17930	-0.15969	-0.15046	-0.13085	-0.11124	-0.09163	-0.07203	-0.07628	-0.05667	-0.03706	-0.01745	0.00215	-0.00521	0.01440	0.03297	0.03184	0.05144	0.04511	0.06472	-0.00177	0.01472	0.03433	0.00000	6	0.01063	3	9
L	DBA 1718	7.61	DBA 1718 P2 GE	0.00000	0.01961	-0.04512	-0.02552	-0.00591	0.01370	0.03331	0.05291	0.07252	0.09213	0.11174	0.13135	0.15095	0.17056	0.11186	0.13147	0.05469	0.07429	0.09390	0.11351	0.13312	0.15272	0.17233	0.19194	0.21155	0.23116	0.18751	0.20712	0.17553	0.19514	0.21475	0.23435	0.25396	0.27357	0.29318	0.31278	0.33239	0.35200	0.37161	0.21652	0.13973	0.15934	0.16690	0.18651	0.16094	0.18054	0.20015	0.19567	0.21528	0.09933	0.11894	0.00000	4	0.09561	3	7
L	DBA 1920	8.34	DBA 1920 P2 GL	0.00000	0.01961	0.02222	0.04182	0.06143	0.08104	0.10065	0.12025	0.02422	0.04383	0.06344	0.05585	-0.06957	-0.04996	-0.03035	-0.01074	0.00887	0.02167	0.04128	0.06089	0.05329	0.07289	0.07210	0.02369	0.04330	0.06291	0.08251	0.10212	0.12173	0.14134	0.16095	0.09077	0.11038	0.12999	0.06798	0.08758	0.07998	0.05878	0.07839	0.07079	0.04278	0.06239	0.02758	0.03359	0.05320	0.03199	0.04480	0.06441	0.06361	0.04920	0.06881	0.00000	5	0.01478	3	8
L	DBA 1819	10.00	DBA 1819 P2 GL	0.00000	0.01961	-0.00132	0.01828	-0.03813	-0.01852	0.00109	0.02069	0.04030	0.05991	0.07952	0.09913	0.11873	0.13834	0.15795	0.17756	0.19717	0.14766	0.16727	0.05557	0.07518	0.09478	0.11439	0.13400	0.15361	0.17322	0.19282	0.21243	0.23204	0.25165	0.27126	0.29086	0.31047	0.33008	0.34969	0.36929	0.38890	0.40851	0.42812	0.44773	0.46733	0.48694	0.50655	0.52616	0.54577	0.56537	0.58498	0.33392	0.35353	0.01837	0.03798	0.00000	4	0.22941	3	10
A	DBA 1920	9.25	DBA 1920 P3 GF	0.00000	0.01961	-0.01854	0.00106	0.02067	0.04028	0.05989	0.07949	0.09910	0.11871	0.13832	0.15793	0.17753	0.12494	0.14455	0.16416	0.18377	0.20337	0.22298	0.24259	0.26220	0.27458	0.29419	0.31380	0.33341	0.29525	0.31485	0.33446	0.35407	0.37368	0.39329	0.41289	0.43250	0.45211	0.47172	0.47688	0.43873	0.45834	0.47795	0.46868	0.48828	0.47901	0.49862	0.35217	0.10102	0.12062	0.05358	0.07319	0.01338	-0.03200	-0.01239	0.00000	4	0.24309	1	9
L	DBA 1617	5.90	DBA 1617 P3 G10	0.00000	-0.01148	0.00813	0.02773	0.04734	0.03586	0.03475	0.05435	0.07396	0.09357	0.11318	0.13279	0.15239	0.12537	0.14498	0.12314	0.08057	0.10017	0.09905	0.11866	0.13827	0.15787	0.17748	0.18673	0.20634	0.22595	0.24555	0.26516	0.28477	0.28366	0.29290	0.10525	0.12486	0.13411	0.15372	0.17332	0.19293	0.21254	0.23215	0.25176	0.27136	0.22879	0.19659	0.07112	0.09073	0.11033	0.12994	0.14955	0.12771	0.09550	0.11511	0.00000	4	0.07524	3	5
L	DBA 1920	8.64	DBA 1920 P2 GJ	0.00000	0.01961	0.00696	0.02656	0.04617	0.06578	0.08539	0.10499	0.12460	0.14421	0.16382	0.18343	0.11701	0.13662	0.15623	0.17584	0.19545	0.21505	0.23466	0.25427	0.27388	0.29348	0.31309	0.21801	0.23762	0.25723	0.27683	0.29644	0.31605	0.33566	0.35527	0.37487	0.39448	0.41409	0.31900	0.33860	0.35821	0.33481	0.35442	0.37403	0.36496	0.38457	0.33249	0.35210	0.37171	0.25511	0.11701	0.13662	0.09889	0.04680	0.06641	0.00000	5	0.18881	3	8
D	DBA 1920	1.13	DBA 1920 P3 GN	0.00000	0.01961	0.01770	0.03730	0.04974	0.06935	0.07317	0.09277	0.11238	0.11549	0.13510	0.15471	0.17431	0.19392	0.21353	0.23314	0.25275	0.25801	0.27762	0.29723	0.31684	0.32568	0.34529	0.36490	0.38451	0.40412	0.42372	0.44333	0.44859	0.46820	0.47705	0.49665	0.51626	0.53587	0.55189	0.57149	0.59110	0.61071	0.61239	0.63200	0.55117	0.57078	0.59039	0.52391	0.54352	0.54160	0.56121	0.55930	0.57891	0.47082	0.49043	0.00000	3	0.48815	2	0
L	DBA 1718	6.99	DBA 1718 P2 GC	0.00000	0.01961	-0.09095	-0.07135	-0.05174	-0.03213	-0.01252	0.00708	0.02669	0.04630	0.06591	0.08552	0.09396	0.11357	0.02087	0.04048	0.06009	0.07969	0.09930	0.11891	0.10623	0.12583	0.14544	0.16505	0.16235	0.18196	0.03792	0.05455	0.07416	0.09377	0.11338	0.13298	0.15259	0.17220	0.19181	0.21141	0.23102	0.16881	0.18842	0.20803	0.22763	0.20187	0.22148	0.20390	0.19152	0.21112	0.19652	0.21613	0.06466	-0.02434	-0.00473	0.00744	5	0.05278	3	5
A	DBA 1920	9.64	DBA 1920 P2 GI	0.00000	0.01961	-0.10704	-0.08744	-0.06783	-0.04822	-0.02861	-0.01183	-0.05185	-0.03224	-0.01263	0.00698	-0.04205	-0.06744	-0.04783	-0.12588	-0.12484	-0.10524	-0.10172	-0.08211	-0.09400	-0.09972	-0.08011	-0.08019	-0.06058	-0.06347	-0.04387	-0.02426	-0.00465	0.01496	0.01995	0.00523	0.02484	0.04445	0.06406	0.08366	0.05365	0.07326	0.09287	0.07310	0.09270	0.10252	0.12213	0.10237	0.05627	0.07587	0.01785	0.03746	-0.01944	-0.02932	-0.00971	0.00000	5	0.01339	1	9
L	DBA 1314	5.60	DBA 1314 P2 G4	0.00000	0.01961	-0.02328	-0.00368	0.01593	0.03554	0.05515	0.07475	0.09436	0.11397	0.13358	0.15319	0.17279	0.08823	0.10784	0.12745	0.14706	0.16666	0.18627	0.20588	0.22549	0.24509	0.26470	0.28431	0.30392	0.18812	0.20772	0.22733	0.24694	0.26655	0.28616	0.30576	0.32537	0.34498	0.36459	0.38419	0.13296	0.15257	0.17218	0.19179	0.21139	0.23100	0.25061	0.27022	0.28983	0.30943	0.32904	0.34865	0.03493	0.05453	0.07414	0.00000	6	0.13278	3	5
D	DBA 1819	1.50	DBA 1819 P3 GB	0.00000	0.01961	-0.06205	-0.04245	-0.02284	-0.05702	-0.03741	-0.01781	0.00180	0.02141	0.04102	0.06063	0.08023	0.06186	0.08147	0.10108	0.12069	0.14029	0.15990	0.17951	0.19912	0.21872	0.13707	0.15668	0.13831	0.15792	0.17752	0.17182	0.19143	0.21104	0.23065	0.25025	0.26986	0.28630	0.30591	0.27488	0.29449	0.31410	0.33371	0.35332	0.36659	0.38620	0.40581	0.34947	0.36908	0.23045	0.16778	0.18739	0.20700	0.11901	0.13862	0.00000	4	0.12650	2	0
A	DBA 1718	8.47	DBA 1718 P2 GD	0.00000	0.01961	-0.06234	-0.17815	-0.15854	-0.25741	-0.23780	-0.21820	-0.19859	-0.17898	-0.15937	-0.13976	-0.17432	-0.15471	-0.13510	-0.18997	-0.17036	-0.15076	-0.13115	-0.11154	-0.09193	-0.07233	-0.05272	-0.07373	-0.05412	-0.06159	-0.18756	-0.16795	-0.20047	-0.18086	-0.16125	-0.14165	-0.12204	-0.10243	-0.08282	-0.06322	-0.04361	-0.02400	-0.10324	-0.08363	-0.06403	-0.04442	-0.02481	-0.00520	-0.00523	0.01437	0.03398	0.05359	0.07320	-0.00875	0.01086	0.00000	5	0.04696	1	8
L	DBA 1819	8.31	DBA 1819 P3 GD	0.00000	0.01961	-0.04220	-0.02260	-0.00299	-0.02410	-0.00449	0.01511	0.02454	0.04415	0.06376	0.05538	0.07498	0.00045	0.02006	0.03967	0.05928	0.07888	0.09849	0.11810	0.13771	0.15731	0.14638	0.16599	0.12962	0.14923	0.14848	0.12737	0.14698	0.16151	0.18112	0.20072	0.22033	0.23994	0.25955	0.23334	0.25295	0.27256	0.25401	0.27362	0.29322	0.28993	0.30954	0.26553	0.28514	0.22841	0.15387	0.17348	0.18800	0.13381	0.15342	0.00000	4	0.08290	3	8
D	DBA 1617	9.35	DBA 1617 P2 G5	0.00000	0.01961	0.00360	0.01811	0.03772	0.05733	0.05862	0.07822	0.00622	0.02583	0.04544	0.06505	0.08465	0.10426	0.12387	0.14348	0.16309	0.09618	0.11579	0.13540	0.09394	0.11354	0.13315	0.15276	0.17237	0.19198	0.04873	0.06834	0.08795	0.03631	0.05592	0.07552	0.09513	0.11474	0.10382	0.12342	0.14303	0.16264	0.18225	0.12044	0.04029	0.05990	0.06322	0.02177	0.04138	0.05080	0.04700	0.06661	0.08113	0.03203	0.05164	0.00000	6	0.02694	2	9
L	DBA 1516	8.80	DBA 1516 P2 G5	0.00000	-0.08411	-0.06450	-0.04490	-0.02529	-0.00568	0.01393	-0.07018	-0.05057	-0.03096	-0.02173	-0.00212	0.01748	0.03709	0.05670	0.07631	0.09592	0.11552	0.13513	0.13400	0.15361	0.17321	0.19282	0.13983	0.15944	0.05459	0.07419	0.09380	-0.02920	-0.00959	0.01002	0.02962	0.04923	0.06884	0.08845	0.03544	0.00838	0.02799	0.01649	0.03610	0.05570	0.07531	0.08454	0.10415	0.08228	0.09151	0.11112	0.12035	0.07773	0.09733	0.04434	0.00000	6	0.02013	3	8
L	DBA 1819	7.80	DBA 1819 P3 GG	0.00000	0.01961	0.00060	-0.03598	-0.01637	-0.00379	0.01582	0.03542	0.05503	0.07464	0.09425	0.11386	0.13346	0.15307	0.17093	0.19054	0.19961	0.21921	0.21073	0.23034	0.24995	0.26955	0.26108	0.28069	0.30030	0.31991	0.32546	0.31522	0.33483	0.35269	0.37230	0.39190	0.41151	0.31595	0.33556	0.35516	0.37477	0.38209	0.35957	0.37918	0.39175	0.41136	0.43097	0.39089	0.41050	0.42308	0.31980	0.33941	0.22559	0.11527	0.13488	0.00000	3	0.22342	3	7
L	DBA 1516	8.80	DBA 1516 P2 G2	0.00000	0.01961	-0.05850	-0.10676	-0.08715	-0.10011	-0.08050	-0.06090	-0.04129	-0.04340	-0.02379	-0.00418	0.01542	0.03503	-0.05937	-0.03976	-0.02015	-0.00055	0.01906	-0.01562	0.00399	0.02359	0.04320	0.04653	0.06614	0.00432	0.00763	0.02724	0.04685	0.02846	0.04807	0.02424	0.01670	0.03631	0.01792	0.03752	-0.03679	-0.01718	0.00243	0.00575	-0.00722	0.01239	0.00485	-0.01354	0.00607	-0.05576	-0.06872	-0.04911	-0.02950	-0.00990	0.00971	0.00000	5	0.00498	3	8
A	DBA 1314	7.40	DBA 1314 P2 G8	0.00000	0.01961	-0.06604	-0.04644	-0.02683	-0.00722	0.01239	0.03199	0.05160	0.07121	0.09082	0.11043	0.13003	0.14964	0.16925	0.18886	0.20847	0.22807	0.24768	0.05676	0.07637	0.09597	0.11558	0.13519	0.15480	0.17441	0.19401	0.21362	0.23323	0.25284	0.27245	0.29205	0.31166	0.33127	0.35088	0.15995	0.17956	0.19917	0.21878	0.23839	0.25799	0.27760	0.29721	0.31682	0.33643	0.35603	0.37564	0.39525	0.41486	0.43446	0.45407	0.00000	6	0.15607	1	7
L	DBA 1920	10.00	DBA 1920 P2 GN	0.00000	0.01961	0.00880	0.02840	0.04801	0.06762	0.07582	0.09542	0.11503	0.13464	0.10863	0.12824	0.14784	0.16212	0.16576	0.18537	0.20498	0.22458	0.24419	0.26380	0.28341	0.28020	0.29981	0.31942	0.28124	0.30085	0.32045	0.34006	0.35967	0.37928	0.37607	0.39567	0.41528	0.43489	0.45450	0.37068	0.39029	0.40990	0.42951	0.44912	0.46872	0.48833	0.50794	0.52755	0.54716	0.56676	0.44949	0.46910	0.27274	-0.01260	0.00701	0.00000	3	0.29983	3	10
D	DBA 1819	9.40	DBA 1819 P3 GK	0.00000	0.01961	0.01498	0.00427	0.02388	0.01925	0.03886	0.05846	0.07807	0.09768	0.11729	0.11872	0.12620	0.14581	0.16542	0.11230	0.13191	0.10303	0.12264	0.10588	0.07095	0.09055	0.06773	0.08128	0.10089	0.11444	0.08556	0.10517	0.12478	0.14439	0.16400	0.18360	0.20321	0.22282	0.24243	0.26203	0.28164	0.24670	0.26631	0.28592	0.30552	0.32513	0.33262	0.33405	0.35366	0.23993	0.17469	0.19430	0.12906	-0.02104	-0.00143	0.00000	4	0.08827	2	9
A	DBA 1819	9.31	DBA 1819 P3 GC	0.00000	0.01961	0.01400	0.03360	0.05321	0.07282	0.09243	0.11203	0.13164	0.15125	0.11897	0.13858	0.15818	0.17052	0.18952	0.20913	0.22692	0.24652	0.26613	0.25543	0.27504	0.28070	0.28212	0.30173	0.31940	0.33901	0.35861	0.37822	0.39783	0.36579	0.38540	0.40500	0.40643	0.36445	0.38406	0.30666	0.32627	0.34588	0.36549	0.38510	0.40470	0.42431	0.44392	0.25051	0.27012	0.10786	-0.01135	0.00826	0.02787	0.01110	0.03071	0.00000	4	0.20811	1	9
L	DBA 1920	5.31	DBA 1920 P3 GH	0.00000	0.01961	0.00671	0.02631	0.04592	0.06553	0.08514	0.10474	0.12435	0.14396	0.16357	0.18318	0.20278	0.22239	0.20950	0.22911	0.24872	0.26832	0.28793	0.30754	0.32715	0.34675	0.36636	0.38597	0.40558	0.40893	0.34726	0.36687	0.35398	0.37359	0.39320	0.41280	0.43241	0.45202	0.47163	0.47497	0.49458	0.51419	0.53380	0.26085	0.22356	0.24317	0.25222	0.27183	0.26706	0.28666	0.27376	0.09426	0.11387	0.01767	0.03728	0.00000	5	0.25754	3	5
